,TRIBECA_ID,BATHS,BEDS,SQFT,LATITUDE,LONGITUDE,AVERAGE_SCHOOL,CRIME_SCORE,HOME_QUALITY_SCORE,IS_SQUATTER_TARGET,DAYS_TO_SQUATTER_ACTIVITY,ADDRESS,ICON
3,11213,2.5,4,1896,33.5989948,-84.5651089,0,95.8,9.590676692,1,48,123 Washington dc,home
7,11214,2.5,3,1600,33.100999,-80.030979,0,51.29616188,6,1,64,124 Washington dc,home
8,11215,2.5,4,2288,33.4258,-84.138459,3.67,32.2,3,1,32,125 Washington dc,home
24,11216,2,3,1615,35.203545,-89.511703,0,21.9,5.874285714,1,46,126 Washington dc,home
30,11217,2,3,1538,33.6618409,-112.0545069,5.67,48.1,3,1,0,127 Washington dc,home
36,11218,2.5,4,1932,33.530659,-84.403481,0,90.2,1,1,97,128 Washington dc,home
37,11219,2,3,1598,32.636105,-97.099609,0,29.7,6.925760649,1,9,129 Washington dc,home
41,11220,2.5,4,3018,33.6393765,-84.5731847,0,92.8,9,1,8,130 Washington dc,home
42,11221,2,3,1368,32.63688,-96.88915,3,46.1,8,1,30,131 Washington dc,home
46,11222,2,3,1611,32.687233,-97.066948,0,68.3,8.105736783,1,63,132 Washington dc,home
50,11223,2.5,4,2757,30.0052507,-95.5765277,8.67,49.7,1,1,83,133 Washington dc,home
52,11224,2,3,1630,30.21039,-81.55892,5.3,62.5,10,1,59,134 Washington dc,home
54,11225,2,3,1945,29.667931,-95.632111,0,32.3,2,1,39,135 Washington dc,home
70,11226,2,3,1578,32.370804,-111.125745,7.33,27.6,1,1,50,136 Washington dc,home
82,11227,2,2,1064,33.891491,-84.507591,0,73.6,3,1,9,137 Washington dc,home
86,11228,2.5,3,1887,35.3395779,-80.7971798,4.67,56.1,2,1,26,138 Washington dc,home
88,11229,2,4,1732,33.140881,-111.524368,0,47.6,6.066666667,1,21,139 Washington dc,home
90,11230,2,3,1828,33.698513,-84.506218,4.33,86.2,9.588744589,1,43,140 Washington dc,home
94,11231,2,3,1305,36.261089,-115.08918,0.17,59.2,9.103042596,1,79,141 Washington dc,home
100,11232,2.5,4,2952,30.135618,-95.280502,0,39.5,4.644034091,1,28,142 Washington dc,home
102,11233,2,3,1661,28.792011,-81.626686,0,45.5,4.316666667,1,72,143 Washington dc,home
105,11234,2.5,3,2055,29.817179,-95.715172,0.63,40.4,4.488068182,1,2,144 Washington dc,home
112,11235,2.5,3,2384,35.31985,-80.82405,3,56.1,4,1,30,145 Washington dc,home
118,11236,3,4,1788,33.809236,-84.66297,4.67,66.4,7,1,0,146 Washington dc,home
124,11237,2.5,4,3032,33.209949,-96.939629,0,34,8.869405815,1,11,147 Washington dc,home
129,11238,2,4,1433,27.978056,-82.278816,4,48.1,4,1,28,148 Washington dc,home
132,11239,2,3,2220,32.690102,-97.0392,0,43.1,6.925760649,1,86,149 Washington dc,home
133,11240,2.5,4,2955,33.684246,-84.601364,0,86.2,7.443462687,1,3,150 Washington dc,home
137,11241,2,3,1336,35.150337,-97.385315,0,51.29616188,1,1,3,151 Washington dc,home
143,11242,2.5,3,2155,30.075096,-95.177948,86,21,4.627361564,1,60,152 Washington dc,home
159,11243,2,3,1238,28.676241,-81.454529,0.63,58.2,9.009957326,1,72,153 Washington dc,home
164,11244,2.5,3,1600,35.289923,-80.894636,2.33,72.9,6,1,68,154 Washington dc,home
165,11245,2.5,4,1968,34.9674252,-89.8157626,7.67,35.2,2,1,89,155 Washington dc,home
173,11246,3.5,5,4058,29.515892,-95.819359,0,56.1,5.900319489,1,63,156 Washington dc,home
174,11247,2,3,1297,30.0911518,-81.7528723,7.67,41.3,7,1,48,157 Washington dc,home
176,11248,3.5,4,2400,39.952869,-104.945595,0.7,51.29616188,6,1,45,158 Washington dc,home
180,11249,2.5,4,1950,32.61702,-97.3595687,5,36.2,7,1,81,159 Washington dc,home
183,11250,2.5,3,1618,33.100811,-80.031429,0,51.29616188,6,1,59,160 Washington dc,home
184,11251,4,6,3905,33.291622,-96.780579,0,24.4,4.691514143,1,36,161 Washington dc,home
186,11252,2,3,1220,36.037296,-86.543505,6,50.2,2,1,50,162 Washington dc,home
188,11253,1,2,1336,39.181873,-94.554131,0,51.29616188,6,1,11,163 Washington dc,home
190,11254,2.5,4,2382,35.123536,-80.992782,7,34.8,2,1,63,164 Washington dc,home
191,11255,2,3,1490,29.964474,-95.226913,0,55.1,8.804719101,1,99,165 Washington dc,home
197,11256,2.5,3,1580,35.648769,-78.479385,0,41.7,3.27414152,1,66,166 Washington dc,home
201,11257,3,4,2509,32.572411,-97.141403,0,51.29616188,6.778571429,1,99,167 Washington dc,home
206,11258,3,4,2304,29.995691,-95.505653,0,41.6,4.604719101,1,62,168 Washington dc,home
208,11259,4,6,3957,33.50161,-112.297272,0,72.6,7.247208122,1,89,169 Washington dc,home
218,11260,2.5,3,2276,36.0449556,-86.621838,1.67,55.5,6,1,75,170 Washington dc,home
227,11261,2,4,2592,32.5350742,-96.8406618,7,37.7,6,1,86,171 Washington dc,home
238,11262,2,3,1664,35.850368,-86.458473,0.77,51.29616188,6,1,79,172 Washington dc,home
239,11263,2,3,1580,35.763588,-86.9058613,9.67,26,10,1,38,173 Washington dc,home
242,11264,2,3,1835,33.4014429,-112.5805816,3,49.9,6,1,18,174 Washington dc,home
245,11265,2,3,1383,32.8684478,-97.2343984,7.67,24.5,5,1,95,175 Washington dc,home
252,11266,2,3,1288,26.609988,-82.011657,8.33,44.1,5,1,33,176 Washington dc,home
253,11267,3,4,2297,33.810974,-84.473679,0,92.1,8.72928208,1,21,177 Washington dc,home
254,11268,3.5,4,3268,33.627956,-84.525999,0,92.8,8,1,92,178 Washington dc,home
270,11269,2,3,1744,30.240184,-81.7484702,2.67,71.7,4,1,29,179 Washington dc,home
280,11270,2,3,2228,29.638025,-95.512642,0,56.2,10,1,94,180 Washington dc,home
281,11271,2.5,3,1618,33.100028,-80.03111,0,51.29616188,6,1,19,181 Washington dc,home
284,11272,2.5,3,2193,32.627281,-97.329536,0,53.6,8.874851485,1,81,182 Washington dc,home
290,11273,2.5,3,1344,35.8782323,-78.5089662,0,60.3,10,1,50,183 Washington dc,home
300,11274,2,3,1942,35.602512,-78.755561,6.33,31.8,3,1,1,184 Washington dc,home
304,11275,2,3,1244,35.039689,-80.645561,7.33,42,9,1,78,185 Washington dc,home
305,11276,2,3,1413,28.178644,-82.404617,6.33,48.9,5.11671159,1,68,186 Washington dc,home
306,11277,2,3,1598,33.6423515,-112.4204699,7,34.4,8,1,55,187 Washington dc,home
308,11278,2,3,1301,28.14521,-81.971947,0,39.4,8.751965066,1,26,188 Washington dc,home
313,11279,2,3,1560,29.586252,-95.518219,0,49.9,2,1,40,189 Washington dc,home
315,11280,1,3,1340,39.691673,-86.054955,0,40.3,3,1,10,190 Washington dc,home
331,11281,2.5,3,1499,33.617626,-112.44046,0,12.5,4.907438017,1,78,191 Washington dc,home
337,11282,2,3,1664,27.425979,-82.4298139,7.67,29.2,8,1,1,192 Washington dc,home
346,11283,2.5,4,2108,35.8493621,-78.4977694,2.33,60.3,7,1,84,193 Washington dc,home
352,11284,2,4,1934,33.644382,-86.680336,0,51.29616188,9,1,98,194 Washington dc,home
354,11285,2,3,1494,33.650471,-112.2472,0.07,40.9,4.266666667,1,14,195 Washington dc,home
359,11286,2,3,2053,32.817215,-96.625193,7,64.6,6.927142857,1,62,196 Washington dc,home
360,11287,2,4,2234,30.46348,-81.556351,0.5,29.2,7.327106227,1,8,197 Washington dc,home
364,11288,2,4,1469,33.431942,-112.197655,0,51.29616188,6,1,7,198 Washington dc,home
365,11289,2.5,3,2103,33.380088,-112.149852,6.33,70.4,2,1,30,199 Washington dc,home
367,11290,2.5,4,2293,33.800719,-84.554664,5,42.6,2,1,22,200 Washington dc,home
369,11291,2,4,1799,33.4475567,-112.4853541,5.27,49.9,5,1,47,201 Washington dc,home
381,11292,2,3,1040,33.511284,-84.386559,0,79.4,1,1,39,202 Washington dc,home
382,11293,2,4,2199,35.264325,-89.838615,5.67,30.1,6,1,85,203 Washington dc,home
387,11294,2,4,2670,34.9834318,-89.8824939,9.67,35.2,10,1,96,204 Washington dc,home
389,11295,2,4,1667,29.661299,-98.041824,0,51.29616188,5.083870968,1,22,205 Washington dc,home
392,11296,2.5,3,1508,33.411228,-84.596634,0,31.1,7.168214804,1,25,206 Washington dc,home
398,11297,3,5,3019,33.624432,-84.621178,0,73.6,1,1,8,207 Washington dc,home
405,11298,2,3,1548,29.6917688,-95.6959449,7,29.6,3,1,30,208 Washington dc,home
408,11299,2.5,3,1606,33.442387,-84.181946,0,61.6,9,1,96,209 Washington dc,home
410,11300,2.5,3,1836,35.109059,-81.005502,8,34.8,5,1,52,210 Washington dc,home
412,11301,2,3,1597,32.847603,-97.423243,6.33,32,10,1,53,211 Washington dc,home
423,11302,1,2,758,33.679413,-84.423058,0,92.8,2,1,33,212 Washington dc,home
427,11303,2,4,1884,33.960144,-84.855995,0,39.4,4.52928208,1,37,213 Washington dc,home
442,11304,2,3,1319,39.720161,-86.015953,0.8,34,7.465217391,1,2,214 Washington dc,home
443,11305,2,4,2864,33.7272684,-84.0703183,4,88.6,5.990676692,1,19,215 Washington dc,home
449,11306,3.5,5,3226,33.595894,-84.290237,0,55,8,1,93,216 Washington dc,home
455,11307,2.5,4,2294,33.5758579,-84.576589,3.33,73.6,8,1,5,217 Washington dc,home
459,11308,2,3,1317,32.77964,-96.574509,0.3,57.4,8.105736783,1,71,218 Washington dc,home
461,11309,2.5,4,2054,33.9724016,-83.9304948,7.67,37,8,1,4,219 Washington dc,home
463,11310,2,4,1467,33.55687,-84.40448,2.03,90.2,10,1,72,220 Washington dc,home
464,11311,2.5,4,2156,33.71071,-84.74811,6.53,46.4,10,1,98,221 Washington dc,home
466,11312,2.5,4,2343,33.5219,-112.4944,0,42.4,7.247208122,1,25,222 Washington dc,home
473,11313,2.5,4,1918,33.776895,-84.585973,3.67,93.4,3,1,54,223 Washington dc,home
474,11314,2,3,2277,27.971092,-81.763374,0,48.2,5.116666667,1,99,224 Washington dc,home
479,11315,2,2,1074,26.462318,-81.823555,0,47.2,3,1,83,225 Washington dc,home
482,11316,2,3,1419,33.4059873,-111.7477402,6.67,43.5,6.088825758,1,77,226 Washington dc,home
486,11317,2,3,1293,36.268787,-115.163613,5,46.1,7,1,48,227 Washington dc,home
491,11318,2,4,1856,30.00712,-81.727203,7.33,42,9.636561743,1,56,228 Washington dc,home
500,11319,2.5,3,1860,33.647938,-112.054466,0,64.7,5.592862807,1,11,229 Washington dc,home
502,11320,2,4,1447,33.056675,-112.063522,0.5,51.29616188,6,1,98,230 Washington dc,home
505,11321,2,3,1222,28.051439,-82.539955,4,47.8,6.002066116,1,85,231 Washington dc,home
511,11322,2,3,1956,36.086242,-86.658799,3.33,55.5,5,1,6,232 Washington dc,home
518,11323,3,3,2003,39.834053,-86.229561,0.43,81.7,6.04379562,1,63,233 Washington dc,home
520,11324,2.5,4,2105,33.1682076,-97.1452955,6.33,27.8,6,1,91,234 Washington dc,home
521,11325,2.5,4,2200,33.449451,-84.249641,0,53.1,7.769082126,1,89,235 Washington dc,home
532,11326,2.5,4,2782,33.672501,-84.641388,0,92.8,5.070017953,1,64,236 Washington dc,home
543,11327,2,3,1891,32.493515,-97.00412,7,27.5,6,1,67,237 Washington dc,home
549,11328,3,5,2744,34.138432,-84.936905,0,52.1,4,1,14,238 Washington dc,home
559,11329,3.5,4,2490,28.1967747,-81.161446,6.33,40.8,5,1,77,239 Washington dc,home
560,11330,2.5,3,1821,36.028515,-80.002441,0,51.29616188,2,1,61,240 Washington dc,home
564,11331,2,4,1800,39.99859,-85.9870119,7.67,30.4,2,1,73,241 Washington dc,home
565,11332,2.5,3,1858,34.3584,-84.0633,0,32,6.105617977,1,41,242 Washington dc,home
571,11333,2,3,1603,33.605232,-84.230629,0,60.8,4.52928208,1,89,243 Washington dc,home
572,11334,2.5,2,1139,36.027893,-86.549835,0,50.2,1,1,9,244 Washington dc,home
579,11335,2,3,1504,33.47427,-112.303581,0.1,56.2,6.920967742,1,94,245 Washington dc,home
580,11336,1.5,2,1320,45.017822,-93.299675,0,51.29616188,2,1,32,246 Washington dc,home
584,11337,2.5,4,1688,33.959763,-83.953033,0.5,37,5.221731343,1,48,247 Washington dc,home
587,11338,2.5,3,1600,33.55782,-84.50449,0,95.8,9,1,98,248 Washington dc,home
598,11339,2.5,4,2558,33.579235,-83.980049,0,56,4,1,15,249 Washington dc,home
615,11340,2,4,1700,36.276209,-86.618727,8,51.29616188,10,1,23,250 Washington dc,home
618,11341,2.5,3,2517,39.629528,-105.101181,0,51.29616188,5.951574803,1,39,251 Washington dc,home
620,11342,2,3,1500,35.038605,-89.84227,0,98.5,10,1,10,252 Washington dc,home
624,11343,3,4,2068,35.873859,-78.550484,0,60.3,6.005970149,1,25,253 Washington dc,home
636,11344,2,3,1002,35.288074,-80.852119,0,72.9,2,1,11,254 Washington dc,home
640,11345,2,4,1802,33.646358,-112.244263,0,40.9,6.047208122,1,3,255 Washington dc,home
644,11346,2.5,3,1918,33.713857,-84.146832,3,88.6,9.590676692,1,80,256 Washington dc,home
648,11347,2,3,1501,35.156902,-89.757378,0,51.29616188,6,1,14,257 Washington dc,home
652,11348,2.5,2,1516,28.189089,-82.526382,0,45.8,4.24601227,1,45,258 Washington dc,home
655,11349,2,3,1380,33.39446,-84.2905,2.4,53.1,4,1,6,259 Washington dc,home
656,11350,3,5,2688,33.8386991,-83.9505572,0,51.29616188,5.196832579,1,11,260 Washington dc,home
657,11351,2,3,1629,36.2216999,-115.1617963,2.33,59.1,3,1,31,261 Washington dc,home
661,11352,2,3,1377,36.036892,-86.541466,0,50.2,7.698837209,1,1,262 Washington dc,home
669,11353,2.5,3,1597,35.567524,-78.798111,0,31.8,5.775531915,1,2,263 Washington dc,home
671,11354,2.5,3,1546,33.381973,-111.752068,0,43.5,5.592862807,1,5,264 Washington dc,home
677,11355,2,4,1979,29.962415,-81.5316129,9,28.7,2,1,12,265 Washington dc,home
681,11356,2,3,1413,33.59855,-84.31559,0,55,10,1,38,266 Washington dc,home
686,11357,2,4,1829,29.5639501,-95.2644239,8.33,30.1,1.474485597,1,32,267 Washington dc,home
687,11358,2,4,1874,28.201519,-82.3990952,6.67,32.3,5,1,80,268 Washington dc,home
691,11359,2.5,3,1718,33.630154,-84.554398,0,92.8,6.601978519,1,14,269 Washington dc,home
694,11360,2.5,3,2480,36.183434,-86.602112,0.1,54.6,5.98442623,1,89,270 Washington dc,home
695,11361,2,3,1204,27.979923,-80.639038,0,51.29616188,1,1,3,271 Washington dc,home
699,11362,2,3,1444,33.787766,-86.671585,0,51.29616188,1,1,31,272 Washington dc,home
704,11363,2,3,1440,33.691509,-84.155823,0,86.4,9.569082126,1,32,273 Washington dc,home
710,11364,2,3,1308,33.769059,-84.9414539,5.33,44.5,7,1,13,274 Washington dc,home
715,11365,2.5,3,2051,34.318661,-83.814415,0,51.29616188,6,1,36,275 Washington dc,home
719,11366,2,3,1486,32.708057,-97.035492,0,43.1,8,1,86,276 Washington dc,home
728,11367,2.5,3,1526,36.054264,-86.588379,0,55.5,8,1,76,277 Washington dc,home
732,11368,2,3,1339,33.797261,-84.777024,6,61,5,1,84,278 Washington dc,home
735,11369,2,3,1462,26.5853438,-81.9581206,7.33,37,2,1,84,279 Washington dc,home
748,11370,2,4,1820,32.718742,-96.913216,0,59.6,10,1,14,280 Washington dc,home
762,11371,2.5,3,2012,35.359146,-80.563416,4.33,45.9,3,1,44,281 Washington dc,home
776,11372,2,3,1954,32.6285103,-96.7859798,5,73.7,3,1,81,282 Washington dc,home
782,11373,2,3,1414,28.644026,-81.186134,0,51.29616188,6,1,57,283 Washington dc,home
793,11374,2,4,1910,33.608624,-84.484024,0,92.8,7.644247788,1,50,284 Washington dc,home
796,11375,2.5,5,1948,33.4133,-111.593384,0,39.6,6.920967742,1,74,285 Washington dc,home
798,11376,2,4,1767,33.135723,-111.532829,0,47.6,3.878111588,1,33,286 Washington dc,home
805,11377,2,3,1745,27.9191264,-82.2229615,7,33.9,5,1,88,287 Washington dc,home
810,11378,2.5,3,1986,27.501963,-82.466171,0,33,2.2,1,13,288 Washington dc,home
813,11379,2.5,3,1730,35.399431,-80.911574,7.33,34,2,1,99,289 Washington dc,home
814,11380,2,4,2054,28.172897,-82.331647,8.33,37.6,6,1,89,290 Washington dc,home
818,11381,3,4,2200,33.61327,-84.31376,0.23,88.1,2.381992541,1,40,291 Washington dc,home
828,11382,2,3,1531,35.7521452,-78.6018215,4,77.5,10,1,46,292 Washington dc,home
829,11383,2,3,1128,35.872902,-86.36306,0,63.6,4,1,47,293 Washington dc,home
836,11384,3.5,3,1584,35.30488,-80.87726,0,72.9,6,1,66,294 Washington dc,home
837,11385,3,4,1938,33.668213,-83.99733,0,72,1,1,40,295 Washington dc,home
846,11386,3,4,1887,33.444508,-84.17498,0,61.6,3.269082126,1,91,296 Washington dc,home
847,11387,2,3,1686,33.43529,-112.43235,5.37,46.8,5,1,7,297 Washington dc,home
852,11388,2.5,4,2715,33.654652,-84.623161,0,92.8,8.02928208,1,91,298 Washington dc,home
860,11389,2.5,4,1811,39.719391,-86.032372,0,34,10,1,66,299 Washington dc,home
862,11390,3,4,2207,28.060593,-81.992684,0,51.29616188,6,1,41,300 Washington dc,home
864,11391,2,3,1840,36.023727,-86.722321,0,60.2,4.167647059,1,37,301 Washington dc,home
879,11392,2.5,4,2475,26.300092,-80.237319,6,37.5,3,1,81,302 Washington dc,home
881,11393,2,3,1380,28.908207,-81.921432,0,17.7,8.013461538,1,6,303 Washington dc,home
886,11394,2.5,4,2795,33.09874,-96.736404,0,31,4.678571429,1,17,304 Washington dc,home
890,11395,2.5,3,1520,30.1304537,-81.5357125,0,36.2,9,1,16,305 Washington dc,home
893,11396,3,3,1542,36.28334,-115.281891,0,51.29616188,6,1,24,306 Washington dc,home
894,11397,2.5,3,1600,33.100415,-80.03151,0,51.29616188,6,1,29,307 Washington dc,home
900,11398,2.5,3,2051,34.318802,-83.814697,0,51.29616188,6,1,48,308 Washington dc,home
906,11399,2,3,2124,30.401949,-81.82621,0,47.5,6,1,26,309 Washington dc,home
927,11400,2.5,3,2084,33.6777267,-84.7919873,0,46.4,8,1,34,310 Washington dc,home
931,11401,2,3,1248,39.649982,-86.058634,8.33,40.3,10,1,2,311 Washington dc,home
933,11402,2.5,2,1541,28.1957152,-82.7289382,0,50.7,6,1,41,312 Washington dc,home
940,11403,2,3,1226,26.633853,-81.9945469,7,44.1,3,1,11,313 Washington dc,home
942,11404,2,3,1396,33.56171,-84.290222,0,75.9,2,1,41,314 Washington dc,home
957,11405,2.5,3,1790,33.5322556,-84.3693264,1.4,79.4,6,1,9,315 Washington dc,home
960,11406,2,4,1764,32.607912,-97.2899679,3.33,46.4,5,1,7,316 Washington dc,home
963,11407,3,4,2676,27.293501,-80.320175,0,51.29616188,7,1,18,317 Washington dc,home
972,11408,2.5,3,1956,33.413891,-112.184319,40.77,90.8,7.841471572,1,77,318 Washington dc,home
980,11409,2,3,1885,29.918104,-95.332306,0,50.8,8,1,28,319 Washington dc,home
986,11410,2,3,1024,33.652954,-84.239746,0,55,8,1,35,320 Washington dc,home
991,11411,2,4,1519,28.65535,-81.2636,8.6,40,6,1,67,321 Washington dc,home
996,11412,3.5,5,2904,33.660892,-84.202477,0,86.4,10,1,56,322 Washington dc,home
1000,11413,2,3,1451,32.8847,-97.393377,0,32,9,1,99,323 Washington dc,home
1005,11414,3,4,1976,36.263303,-115.161459,5,46.1,1,1,7,324 Washington dc,home
1016,11415,2,3,1754,33.436657,-112.522804,0,49.9,6.507438017,1,76,325 Washington dc,home
1028,11416,3,4,2040,33.45322,-84.30429,0.13,53.1,3.283622135,1,40,326 Washington dc,home
1037,11417,2,3,1384,28.0151634,-81.6602036,2.67,35.2,8,1,85,327 Washington dc,home
1038,11418,2.5,4,2113,35.650539,-78.385496,7,26.3,8,1,70,328 Washington dc,home
1058,11419,4,5,3064,36.012198,-78.5059078,8,30.7,2,1,64,329 Washington dc,home
1065,11420,2,3,1328,32.776947,-96.575706,0,57.4,3,1,20,330 Washington dc,home
1069,11421,2,3,1752,28.027119,-81.935822,0,70.7,8.748130841,1,10,331 Washington dc,home
1072,11422,2,3,1288,34.955116,-89.814903,0,35.2,8,1,39,332 Washington dc,home
1075,11423,2.5,3,1800,35.22751,-80.68623,0.2,66.5,7.446551724,1,0,333 Washington dc,home
1082,11424,2.5,3,1810,27.912737,-82.351578,0,62.4,6.651965065,1,8,334 Washington dc,home
1094,11425,2,3,1385,33.310941,-111.906873,8.67,51.9,2,1,64,335 Washington dc,home
1095,11426,2.5,3,1586,39.5326,-86.084625,0,40.9,4,1,83,336 Washington dc,home
1098,11427,2,3,1901,30.1896433,-81.8233084,2.67,71.7,2,1,62,337 Washington dc,home
1102,11428,2,4,1805,32.888317,-97.367638,0,37.8,10,1,100,338 Washington dc,home
1107,11429,2,3,1334,35.864227,-86.343483,0,63.6,3.198837209,1,48,339 Washington dc,home
1111,11430,3,5,2484,35.311062,-81.147079,0.33,51.29616188,6,1,50,340 Washington dc,home
1113,11431,2.5,4,2564,35.74964,-86.913874,8,26,2,1,89,341 Washington dc,home
1117,11432,2.5,3,1958,29.488665,-98.353333,0.17,51.29616188,5.483870968,1,40,342 Washington dc,home
1124,11433,2.5,3,1600,33.587582,-83.871506,0,57.6,5.877906977,1,2,343 Washington dc,home
1127,11434,2,3,1655,32.588238,-97.328415,0,37.8,5.423471616,1,83,344 Washington dc,home
1128,11435,2.5,4,2713,32.601097,-97.106972,0,51.29616188,4.723471616,1,52,345 Washington dc,home
1131,11436,2,3,1503,27.8159286,-82.3351671,0,62.4,7,1,3,346 Washington dc,home
1134,11437,2,3,1800,34.892597,-89.912422,10,25.3,4.064937759,1,22,347 Washington dc,home
1136,11438,2.5,4,2112,36.0357523,-86.5494605,4,50.2,8,1,64,348 Washington dc,home
1149,11439,2.5,3,2250,33.487019,-112.693161,0,32.7,6.520967742,1,13,349 Washington dc,home
1152,11440,2,4,1688,26.693933,-81.852661,0,30.9,8,1,97,350 Washington dc,home
1159,11441,2,4,1248,30.532253,-97.655472,0,51.29616188,7.37027027,1,39,351 Washington dc,home
1177,11442,2.5,3,1397,33.586079,-84.325722,0,88.1,4,1,91,352 Washington dc,home
1181,11443,2.5,4,2024,33.937176,-84.019646,0,66.1,8.669082126,1,94,353 Washington dc,home
1184,11444,2.5,4,2060,35.6336308,-78.4610298,5,41.7,10,1,16,354 Washington dc,home
1186,11445,3,4,1601,33.755177,-84.767593,0,61,6.62928208,1,17,355 Washington dc,home
1187,11446,2.5,3,1374,35.185034,-89.762976,4,57.1,6,1,83,356 Washington dc,home
1195,11447,2.5,4,1918,33.4333234,-112.3253713,4,72.8,7,1,55,357 Washington dc,home
1197,11448,2,3,1549,33.237531,-111.557181,5,47.6,10,1,47,358 Washington dc,home
1199,11449,2.5,4,2113,28.106806,-81.467506,0,47.3,6.413461539,1,65,359 Washington dc,home
1210,11450,2,3,1744,26.540906,-80.141091,8.33,17.3,3,1,14,360 Washington dc,home
1212,11451,2,3,1807,34.030556,-84.536469,0,30.4,3,1,93,361 Washington dc,home
1215,11452,2,3,1350,35.028996,-89.864883,0,85.3,10,1,50,362 Washington dc,home
1217,11453,2,3,1377,36.2608934,-115.0959677,5.33,59.2,7,1,80,363 Washington dc,home
1219,11454,2.5,4,2070,33.6050001,-84.5599105,0,95.8,8,1,46,364 Washington dc,home
1220,11455,2,3,1179,33.556393,-83.949646,0,56,2,1,20,365 Washington dc,home
1223,11456,2,3,970,25.707233,-80.293144,0,49.5,6,1,87,366 Washington dc,home
1228,11457,2,4,1972,30.208528,-81.516858,7,62.5,9,1,18,367 Washington dc,home
1231,11458,2,3,1720,33.2103,-96.932709,67.55,34,1.51875,1,69,368 Washington dc,home
1234,11459,2.5,3,2088,36.0728753,-86.711389,2.67,60.2,8,1,71,369 Washington dc,home
1235,11460,3,5,2220,27.748606,-82.370888,0,8.4,6.219078947,1,78,370 Washington dc,home
1245,11461,2,3,1810,36.0358329,-86.541086,6.33,50.2,4,1,71,371 Washington dc,home
1249,11462,2,2,1656,33.2659,-84.28168,0,51.29616188,7.149638205,1,68,372 Washington dc,home
1250,11463,1,3,2052,44.954926,-93.253441,0,51.29616188,4,1,45,373 Washington dc,home
1254,11464,3,4,2028,30.401962,-81.825894,0,47.5,6,1,75,374 Washington dc,home
1260,11465,2,3,1684,28.817188,-81.30352,0,67.8,3.372807018,1,70,375 Washington dc,home
1267,11466,2,4,2322,35.858687,-78.328287,4,42.2,3,1,2,376 Washington dc,home
1269,11467,2.5,3,2044,34.319469,-83.815369,0,51.29616188,6,1,54,377 Washington dc,home
1270,11468,2,4,2065,28.29312,-81.32967,4.33,56.7,4,1,79,378 Washington dc,home
1274,11469,2.5,3,2343,35.357537,-80.561414,5.67,45.9,4,1,13,379 Washington dc,home
1275,11470,2.5,3,1391,33.6453239,-112.249276,8.33,40.9,3,1,71,380 Washington dc,home
1279,11471,2,3,1830,32.866116,-97.279747,0.6,45.1,6.774851485,1,70,381 Washington dc,home
1292,11472,2,3,1144,35.974773,-78.838142,0,83.1,5,1,92,382 Washington dc,home
1296,11473,3,4,2375,30.417179,-95.439087,0,40.2,6.689561271,1,54,383 Washington dc,home
1299,11474,2,4,1828,28.26406712,-81.35430367,0,56.7,4.585,1,24,384 Washington dc,home
1306,11475,2.5,5,3229,39.90667,-83.106133,0,51.29616188,2,1,48,385 Washington dc,home
1313,11476,2,4,1832,33.40576763,-112.2078978,0,51.29616188,6,1,37,386 Washington dc,home
1316,11477,3,3,2009,39.562702,-104.799957,0,51.29616188,5.251574803,1,91,387 Washington dc,home
1322,11478,2,3,1269,33.042023,-97.323647,0.67,27.6,3.323471616,1,43,388 Washington dc,home
1326,11479,3,3,2345,33.664715,-84.251762,0,55,9,1,32,389 Washington dc,home
1327,11480,2.5,3,2300,35.158146,-89.774017,25.18,57.1,9.590538336,1,36,390 Washington dc,home
1331,11481,2.5,3,1707,30.471792,-81.6499089,0,66.5,6,1,22,391 Washington dc,home
1335,11482,2.5,4,2964,33.5942928,-83.9234162,4.33,56,4,1,53,392 Washington dc,home
1346,11483,2,3,1360,33.778043,-84.7527134,0,61,4,1,46,393 Washington dc,home
1348,11484,2,4,1896,30.37643,-95.64749,8,25.1,2,1,0,394 Washington dc,home
1350,11485,2,3,1516,29.869516,-95.190338,3.33,41.2,7,1,51,395 Washington dc,home
1366,11486,2,3,1595,32.739899,-96.464287,8,26.8,7.81875,1,65,396 Washington dc,home
1370,11487,2,3,1186,27.9195792,-82.307477,3.67,62.1,4,1,4,397 Washington dc,home
1384,11488,2,3,2363,33.7343448,-84.873762,6.33,44.5,2,1,75,398 Washington dc,home
1389,11489,2,3,2127,30.04385,-95.47224,7.67,24.5,8,1,97,399 Washington dc,home
1393,11490,2.5,3,1618,33.09907,-80.03151,0,51.29616188,6,1,96,400 Washington dc,home
1404,11491,2.5,3,1722,34.037182,-84.025864,0,25.3,6.62928208,1,98,401 Washington dc,home
1405,11492,2.5,3,1556,29.495152,-98.355385,0,51.29616188,1,1,88,402 Washington dc,home
1406,11493,2,4,1850,33.703293,-84.280441,0,75.3,1,1,25,403 Washington dc,home
1410,11494,2,3,1388,33.424618,-111.581139,0.7,36.4,3.193707713,1,9,404 Washington dc,home
1412,11495,2.5,3,2083,36.3177731,-115.212517,6.33,36.7,4,1,71,405 Washington dc,home
1427,11496,2,3,1870,34.951683,-90.061745,0.3,73.1,3.9125,1,72,406 Washington dc,home
1429,11497,2.5,3,1712,35.348024,-80.624031,8.33,42.6,3,1,36,407 Washington dc,home
1430,11498,2.5,3,1494,39.720867,-86.026273,7,34,6,1,84,408 Washington dc,home
1433,11499,2,3,1948,25.9865229,-80.320584,5.33,32.3,2,1,71,409 Washington dc,home
1437,11500,2,4,1888,33.7206908,-112.2026579,0,26.6,8,1,53,410 Washington dc,home
1438,11501,2,3,1436,35.359094,-80.795513,6,56.1,6,1,88,411 Washington dc,home
1444,11502,3,3,1950,33.794407,-84.139641,0,39.5,9,1,30,412 Washington dc,home
1446,11503,2,4,3031,33.734596,-84.137611,2.67,88.6,3.273213176,1,95,413 Washington dc,home
1448,11504,2,3,1325,30.3822,-95.638938,8.33,27.3,7,1,86,414 Washington dc,home
1449,11505,2.5,4,2146,33.620323,-84.552452,0,92.8,7.32928208,1,1,415 Washington dc,home
1455,11506,2,3,1204,28.591492,-80.815392,0,51.29616188,10,1,10,416 Washington dc,home
1459,11507,2.5,4,1968,39.593033,-86.115425,0,33.9,2,1,37,417 Washington dc,home
1460,11508,2.5,3,1701,25.457941,-80.449888,3.33,70.1,6,1,17,418 Washington dc,home
1462,11509,2,3,1592,32.723966,-96.534929,6,29.8,4,1,93,419 Washington dc,home
1466,11510,2,3,1621,32.629957,-97.3307449,4.67,53.6,3,1,0,420 Washington dc,home
1474,11511,2,3,1415,28.792376,-81.594589,0.47,45.5,6.909957326,1,44,421 Washington dc,home
1477,11512,3,5,2855,33.7083077,-84.6966718,6.67,46.4,8,1,19,422 Washington dc,home
1483,11513,1,3,1266,39.917007,-82.853043,0,51.29616188,4,1,7,423 Washington dc,home
1484,11514,2,3,1552,28.633253,-81.442552,0,72.1,3,1,80,424 Washington dc,home
1486,11515,2.5,4,2700,35.3827347,-80.9167161,7.33,34,5,1,26,425 Washington dc,home
1493,11516,2,3,1856,27.793604,-82.302138,4.33,43,2,1,40,426 Washington dc,home
1494,11517,2,3,2521,36.329765,-86.5477289,8.33,51.29616188,4,1,63,427 Washington dc,home
1496,11518,2,3,1305,29.582734,-95.531583,7.33,49.9,6,1,24,428 Washington dc,home
1498,11519,2.5,3,1235,35.325341,-80.696225,3.33,76.6,9,1,8,429 Washington dc,home
1510,11520,2,4,1828,28.26537094,-81.35509249,0,56.7,4.985,1,22,430 Washington dc,home
1513,11521,2.5,3,1976,39.897434,-82.812454,0,51.29616188,8.052588556,1,48,431 Washington dc,home
1516,11522,2,3,1556,33.9445781,-84.6384081,8.67,51.29616188,5,1,66,432 Washington dc,home
1530,11523,2.5,4,2833,32.56226,-96.948868,0,51.29616188,6,1,88,433 Washington dc,home
1533,11524,2,3,1672,28.26719919,-81.35602323,0,56.7,4.585,1,13,434 Washington dc,home
1536,11525,2,3,1519,33.3802262,-112.1458857,0,70.4,7,1,35,435 Washington dc,home
1541,11526,2,3,1212,26.6401764,-81.9561967,6,49.7,5,1,67,436 Washington dc,home
1542,11527,2,3,1552,36.049767,-115.049873,0.7,59.7,6.148717949,1,73,437 Washington dc,home
1546,11528,2.5,3,1579,35.307755,-80.70537,3,77.1,4,1,43,438 Washington dc,home
1552,11529,2,3,1429,35.338577,-89.917068,0,50.5,2.559813084,1,69,439 Washington dc,home
1561,11530,2,3,1391,38.797226,-94.53688,0,51.29616188,3,1,38,440 Washington dc,home
1566,11531,2,3,1384,32.970528,-96.338829,0,26,7.474851485,1,72,441 Washington dc,home
1572,11532,2,4,1530,33.614143,-112.335396,5,65.2,4,1,13,442 Washington dc,home
1574,11533,2.5,3,1618,33.09919,-80.03157,0,51.29616188,6,1,87,443 Washington dc,home
1583,11534,2,3,1678,33.242432,-111.631828,0,38.4,6.079477612,1,91,444 Washington dc,home
1588,11535,2,3,1635,35.553452,-97.654366,0,51.29616188,8,1,31,445 Washington dc,home
1591,11536,2,3,1144,35.962196,-78.527473,0.57,30.7,8.806271777,1,94,446 Washington dc,home
1604,11537,2.5,4,1714,33.874134,-84.768409,5.67,41,10,1,82,447 Washington dc,home
1614,11538,3.5,3,1584,35.30488,-80.87726,0,72.9,6,1,84,448 Washington dc,home
1618,11539,2.5,3,1905,33.41993,-111.660873,4.67,36.4,3.158517034,1,79,449 Washington dc,home
1625,11540,3,4,1891,28.072878,-81.504028,0,47.3,6.277486911,1,1,450 Washington dc,home
1627,11541,3.5,3,1560,35.24901437,-80.86133881,0,72.9,6,1,40,451 Washington dc,home
1630,11542,2.5,3,1984,36.2673643,-115.2527534,5.33,35.6,8,1,80,452 Washington dc,home
1631,11543,2.5,4,1863,33.911946,-84.891093,0,35.8,8,1,24,453 Washington dc,home
1636,11544,2,4,1665,27.817629,-82.333809,0.35,62.4,7.417241379,1,98,454 Washington dc,home
1637,11545,2,3,1674,33.623718,-111.995712,0.55,60.6,3.205198777,1,96,455 Washington dc,home
1641,11546,3,4,2835,34.9214285,-89.8028947,7.67,35.2,8,1,22,456 Washington dc,home
1643,11547,2.5,4,2200,36.018784,-86.654457,0,55.5,5.084090909,1,20,457 Washington dc,home
1652,11548,2.5,4,1856,33.401703,-112.559334,0,49.9,4.792862807,1,60,458 Washington dc,home
1653,11549,2,3,1300,29.4805738,-98.3445463,0,51.29616188,6,1,5,459 Washington dc,home
1654,11550,2,3,1100,33.578526,-84.564316,0,95.8,8,1,68,460 Washington dc,home
1655,11551,3,4,2292,34.026473,-83.939913,9.67,45,1,1,80,461 Washington dc,home
1657,11552,2,3,2492,35.179363,-89.78508,19.1,57.1,3.296303901,1,15,462 Washington dc,home
1663,11553,2,3,1346,28.6647705,-81.4540983,6.33,58.2,9,1,96,463 Washington dc,home
1669,11554,2.5,4,2387,35.069035,-89.668785,8.67,23.7,4.190538336,1,14,464 Washington dc,home
1674,11555,2.5,5,2501,32.615528,-97.29496,0,51.29616188,6,1,12,465 Washington dc,home
1688,11556,2,3,1642,32.666073,-97.113441,0,39.8,6.078571429,1,21,466 Washington dc,home
1691,11557,2,4,1820,26.621866,-81.873924,0,81.7,3,1,42,467 Washington dc,home
1700,11558,3.5,3,1828,35.212204,-80.730759,0,94.4,5,1,50,468 Washington dc,home
1704,11559,2,3,1538,35.157543,-89.7658,0,47.6,6.144296578,1,87,469 Washington dc,home
1705,11560,2.5,3,1701,33.556629,-84.472649,10.46,77.9,8.683622135,1,0,470 Washington dc,home
1709,11561,2,3,1476,27.849165,-82.226204,0.9,34.1,7.389223455,1,93,471 Washington dc,home
1710,11562,3,5,2453,27.32472,-82.421272,0,51.29616188,6,1,42,472 Washington dc,home
1717,11563,2.5,4,2104,33.713379,-84.932808,0.7,44.5,8.001978519,1,93,473 Washington dc,home
1718,11564,2,3,1341,33.782192,-84.212944,0,87.9,9,1,5,474 Washington dc,home
1724,11565,2,3,1531,33.34705,-112.181006,0,53.5,7.090434783,1,13,475 Washington dc,home
1726,11566,2.5,4,2002,33.9922449,-84.793869,7.33,39.4,5,1,4,476 Washington dc,home
1729,11567,2,3,1781,33.813782,-84.058746,0,48.6,5,1,82,477 Washington dc,home
1736,11568,2,3,1888,33.429447,-112.422043,0,46.8,5.278111588,1,14,478 Washington dc,home
1742,11569,2,3,2302,30.605486,-81.667313,0.73,37.9,5.078074866,1,22,479 Washington dc,home
1744,11570,2,3,1183,33.595606,-112.3302144,3.67,65.2,7,1,53,480 Washington dc,home
1746,11571,2,4,1983,32.605728,-97.389568,4.33,36.2,3,1,7,481 Washington dc,home
1748,11572,2,4,2437,26.6404469,-81.9840189,7.33,44.1,4,1,16,482 Washington dc,home
1752,11573,2.5,3,1400,33.412724,-112.172989,39,90.8,3.992862807,1,38,483 Washington dc,home
1756,11574,2,4,1661,28.185488,-81.490257,0,57.7,9.680360066,1,19,484 Washington dc,home
1762,11575,2.5,3,1456,33.780877,-84.5526648,4.67,93.4,3,1,32,485 Washington dc,home
1763,11576,2,3,1462,36.2562495,-115.1417851,3,46.1,10,1,69,486 Washington dc,home
1764,11577,3,3,1851,39.8490171,-105.1141783,8,51.29616188,3.250862069,1,85,487 Washington dc,home
1765,11578,2,3,1616,33.629318,-86.649361,0,51.29616188,2,1,89,488 Washington dc,home
1772,11579,3,4,2572,33.91043,-84.885788,6,35.8,2,1,19,489 Washington dc,home
1775,11580,2,3,2318,25.760287,-80.412168,6.67,35.6,2,1,41,490 Washington dc,home
1780,11581,2.5,4,1899,35.206425,-89.511124,0.27,51.29616188,6,1,58,491 Washington dc,home
1782,11582,2.5,4,2498,33.537791,-84.5373199,3.67,73.6,9,1,22,492 Washington dc,home
1783,11583,2.5,4,2092,33.604168,-84.445198,0,92.8,7.32928208,1,72,493 Washington dc,home
1788,11584,2.5,4,2000,33.8993024,-84.7736198,6.33,41,6,1,95,494 Washington dc,home
1789,11585,2,4,1647,28.195473,-81.288612,0.5,44.8,6.909957326,1,2,495 Washington dc,home
1790,11586,2,3,1475,30.2091502,-81.7838499,3,71.7,7,1,18,496 Washington dc,home
1803,11587,3,4,3185,31.950914,-110.777321,0,21.6,5.056666667,1,70,497 Washington dc,home
1816,11588,2.5,3,1871,33.726352,-112.1730379,0,26.6,7,1,7,498 Washington dc,home
1830,11589,2.5,3,1656,33.410182,-84.179896,3.53,61.6,8,1,38,499 Washington dc,home
1834,11590,2,3,1974,35.218171,-89.84717,7.33,29.7,7,1,65,500 Washington dc,home
1840,11591,2.5,4,2228,29.474707,-98.346497,0.27,51.29616188,7.694348894,1,94,501 Washington dc,home
1852,11592,3,3,2116,34.975285,-80.554848,0,44.9,7,1,14,502 Washington dc,home
1854,11593,3,3,1688,33.586506,-84.198326,0,60.8,2,1,62,503 Washington dc,home
1857,11594,2,4,2129,33.676689,-112.144379,0.6,51.29616188,6,1,43,504 Washington dc,home
1858,11595,2,3,2100,33.742973,-84.227356,0,87.3,1,1,79,505 Washington dc,home
1863,11596,2,3,1675,30.044392,-95.395432,0,43.8,5,1,84,506 Washington dc,home
1867,11597,2,3,1244,29.2755724,-98.4095008,0,51.29616188,6,1,85,507 Washington dc,home
1868,11598,2,3,1376,33.391655,-112.09359,0,70.4,6.897902571,1,77,508 Washington dc,home
1875,11599,3,3,1537,33.40544,-111.59457,6.5,39.6,2,1,85,509 Washington dc,home
1878,11600,1,3,1134,45.019913,-93.297134,0,51.29616188,1,1,3,510 Washington dc,home
1881,11601,2.5,3,1965,33.427181,-112.427765,0,46.8,5.220423729,1,66,511 Washington dc,home
1884,11602,2,4,1838,28.7113793,-81.5278641,5.67,29.3,6,1,20,512 Washington dc,home
1887,11603,2,3,1214,33.646675,-86.86515,0,51.29616188,6,1,62,513 Washington dc,home
1896,11604,2,4,1998,32.755653,-96.407997,0,26.8,8.223471616,1,46,514 Washington dc,home
1897,11605,2,4,2067,27.8762133,-82.2673897,7,23.3,4,1,34,515 Washington dc,home
1911,11606,2,3,1584,30.050934,-95.352341,0,43.8,5,1,67,516 Washington dc,home
1917,11607,3,5,2792,33.707909,-84.567375,0,86.2,8.681992541,1,76,517 Washington dc,home
1926,11608,2.5,3,1488,35.250572,-80.929298,0,51.8,10,1,7,518 Washington dc,home
1940,11609,2,3,1660,35.356178,-97.472099,0,51.29616188,1,1,84,519 Washington dc,home
1941,11610,3,5,3000,33.667225,-84.620895,4.33,92.8,9.583622135,1,92,520 Washington dc,home
1944,11611,2.5,3,2261,32.742493,-97.178551,0.15,79,4.616225547,1,48,521 Washington dc,home
1952,11612,3,4,2740,33.222457,-111.704793,9.67,20.4,4,1,9,522 Washington dc,home
1955,11613,2,3,1749,35.9757939,-86.5265328,4.67,42.6,2,1,6,523 Washington dc,home
1962,11614,2,3,2708,33.312807,-111.714773,8.33,39.9,8,1,30,524 Washington dc,home
1972,11615,2,3,1635,34.023869,-83.719749,0,44.7,6.888744589,1,51,525 Washington dc,home
1973,11616,2.5,3,1634,35.740352,-78.5854909,3.67,77.5,9,1,88,526 Washington dc,home
1978,11617,2.5,3,1500,36.070873,-86.604164,0.1,55.5,6.715277778,1,68,527 Washington dc,home
1983,11618,2,3,1302,33.379143,-112.138626,0,70.4,6.520967742,1,10,528 Washington dc,home
1988,11619,2.5,3,2394,33.727154,-84.402191,0,96.2,10,1,82,529 Washington dc,home
1991,11620,2.5,3,1882,33.779243,-112.109558,75.67,49.5,6.519637462,1,63,530 Washington dc,home
1993,11621,2,3,1419,35.417316,-97.432648,0,51.29616188,3,1,99,531 Washington dc,home
1994,11622,2.5,4,2986,33.365143,-84.768654,5.33,55.2,6,1,23,532 Washington dc,home
2003,11623,2.5,3,1799,35.731354,-78.539833,0.6,77.5,5.317307692,1,13,533 Washington dc,home
2008,11624,2,3,1690,33.4810331,-112.3086763,3.67,56.2,6,1,84,534 Washington dc,home
2019,11625,3,4,2509,28.557541,-81.722404,0,39.1,4.772807017,1,56,535 Washington dc,home
2022,11626,2.5,4,1902,30.0316753,-95.3875769,4.67,60.8,7,1,66,536 Washington dc,home
2024,11627,2.5,3,1358,36.232635,-115.321465,0.6,45.2,8.148717949,1,51,537 Washington dc,home
2028,11628,3.5,3,1639,35.369568,-80.805885,0,56.1,4.651473137,1,0,538 Washington dc,home
2047,11629,2.5,3,1356,39.802151,-83.041832,0.77,51.29616188,4.209150327,1,68,539 Washington dc,home
2054,11630,2,4,2085,28.559406,-81.751472,0.33,39.1,6.146712329,1,96,540 Washington dc,home
2056,11631,3,4,2732,33.7972391,-84.0273168,6.67,48.6,10,1,73,541 Washington dc,home
2060,11632,2,4,1661,32.7958546,-97.2938879,4.33,45.6,10,1,56,542 Washington dc,home
2062,11633,2.5,4,2697,35.249241,-80.728973,0,51.29616188,6,1,86,543 Washington dc,home
2066,11634,2.5,4,2642,35.235743,-80.684954,4.33,66.5,3,1,89,544 Washington dc,home
2073,11635,2,4,1803,39.93853,-105.000923,0,51.29616188,8.07,1,54,545 Washington dc,home
2081,11636,2,4,1976,27.83474,-82.3753,3.67,67.4,7,1,26,546 Washington dc,home
2094,11637,2,3,1226,30.144209,-81.572128,0,36.2,1,1,70,547 Washington dc,home
2110,11638,2,2,1220,30.457319,-81.676064,0,66.5,10,1,49,548 Washington dc,home
2117,11639,2.5,3,2170,33.8439433,-83.9577851,5.33,51.29616188,5,1,3,549 Washington dc,home
2119,11640,2.5,3,2998,29.505732,-94.973053,0,46.5,4.088068182,1,84,550 Washington dc,home
2120,11641,2,3,1293,34.972412,-90.019897,0,68.5,6,1,95,551 Washington dc,home
2123,11642,2.5,3,1810,35.1845338,-89.7606798,3,57.1,4,1,69,552 Washington dc,home
2126,11643,2.5,3,1257,39.915947,-82.827995,0.33,51.29616188,6.680580357,1,63,553 Washington dc,home
2127,11644,2,4,1890,34.9449555,-89.9333249,9.67,23.1,3,1,10,554 Washington dc,home
2131,11645,2,3,1461,27.841507,-82.3688149,0,67.4,6,1,73,555 Washington dc,home
2134,11646,2.5,3,1292,36.009545,-86.653411,3.33,55.5,6,1,49,556 Washington dc,home
2137,11647,2,3,1406,34.2228875,-84.8636602,5,52.1,5,1,99,557 Washington dc,home
2141,11648,3,2,1564,34.097691,-84.577431,0,33.7,3.796832579,1,94,558 Washington dc,home
2142,11649,2,3,1654,33.665161,-84.230019,1.5,55,2,1,32,559 Washington dc,home
2144,11650,2,3,1900,35.273727,-89.675827,78.11,30.1,6.889279113,1,83,560 Washington dc,home
2152,11651,2,3,1577,38.93576,-94.357956,0,51.29616188,7,1,46,561 Washington dc,home
2161,11652,2,3,1303,36.0310962,-86.5516108,3.67,50.2,3,1,91,562 Washington dc,home
2172,11653,2,2,1534,30.322786,-81.413712,0,48,10,1,0,563 Washington dc,home
2175,11654,2,3,1992,28.1245024,-81.4525536,3.67,47.3,3,1,67,564 Washington dc,home
2177,11655,2.5,4,2635,27.776768,-82.320908,3.67,43,3.848130841,1,52,565 Washington dc,home
2182,11656,2,3,1044,36.034744,-86.548248,0,50.2,10,1,72,566 Washington dc,home
2189,11657,2.5,3,2064,35.240749,-80.509941,0,23.9,8.19112426,1,30,567 Washington dc,home
2198,11658,2,3,1733,26.1019791,-81.7325664,6.33,47.1,3,1,13,568 Washington dc,home
2199,11659,2.5,4,2408,33.623867,-84.550407,4,92.8,9,1,61,569 Washington dc,home
2200,11660,2.5,3,2051,34.319855,-83.815437,0,51.29616188,6,1,48,570 Washington dc,home
2205,11661,2.5,4,2212,35.1480134,-80.8878671,8,89.4,2,1,81,571 Washington dc,home
2211,11662,2.5,3,1496,33.798946,-84.547806,0,42.6,4.496832579,1,94,572 Washington dc,home
2216,11663,2.5,4,2341,29.8120344,-95.7462707,0,40.4,7,1,28,573 Washington dc,home
2219,11664,2.5,3,1758,27.336718,-82.472176,0,43.4,6,1,72,574 Washington dc,home
2221,11665,2,3,1441,33.3829514,-84.562694,0,31.1,4,1,22,575 Washington dc,home
2222,11666,2,4,1995,34.9205542,-89.7988394,8.33,35.2,7,1,40,576 Washington dc,home
2223,11667,2,3,1520,29.5982544,-95.2271365,6,42.9,9.574485597,1,97,577 Washington dc,home
2236,11668,2,3,1574,30.489235,-81.61941,5.67,66.5,4,1,82,578 Washington dc,home
2245,11669,2.5,4,2160,30.230473,-97.587769,0.15,51.29616188,3.084444444,1,83,579 Washington dc,home
2250,11670,2,3,1484,32.6526614,-97.1955492,71.67,43.9,4,1,28,580 Washington dc,home
2257,11671,2.5,4,1957,28.273436,-82.46476,0,28.4,7.389223455,1,35,581 Washington dc,home
2262,11672,2,4,1930,33.180296,-111.605142,3.33,38.4,9,1,14,582 Washington dc,home
2270,11673,2,3,1931,28.513592,-81.243115,7.67,57.9,9,1,21,583 Washington dc,home
2272,11674,2.5,4,2098,35.27494,-80.709846,0,51.29616188,6,1,7,584 Washington dc,home
2273,11675,2,3,1352,29.375683,-98.716904,0,51.29616188,3,1,46,585 Washington dc,home
2281,11676,2,4,1536,38.785332,-90.283768,0,51.29616188,9,1,63,586 Washington dc,home
2282,11677,2,3,1266,30.100395,-81.827957,6,41.3,6.939965096,1,82,587 Washington dc,home
2290,11678,2,3,1857,29.471601,-98.21917,0.63,51.29616188,3.926829268,1,96,588 Washington dc,home
2293,11679,1,1,544,40.7973969,-74.011589,0,51.29616188,8,1,23,589 Washington dc,home
2302,11680,3,4,2222,36.23366,-115.16903,0.3,51.29616188,6.734653465,1,50,590 Washington dc,home
2303,11681,3,4,1560,33.50074,-84.40384,1.87,79.4,10,1,2,591 Washington dc,home
2313,11682,2,3,1629,32.625502,-97.101961,6.67,29.7,3,1,84,592 Washington dc,home
2315,11683,2.5,3,1728,29.56465,-98.43782,0,51.29616188,4.082809474,1,18,593 Washington dc,home
2319,11684,2,3,1618,28.5811605,-81.1774413,4.67,52.3,4,1,68,594 Washington dc,home
2324,11685,2.5,4,2812,39.726555,-86.031273,0,34,9,1,82,595 Washington dc,home
2334,11686,2,3,1891,26.435856,-81.724755,0,27.1,3,1,14,596 Washington dc,home
2341,11687,3,3,1880,39.591221,-86.482018,0,51.29616188,8,1,47,597 Washington dc,home
2343,11688,3,5,2688,33.8379,-83.9483,0,51.29616188,3.835008977,1,1,598 Washington dc,home
2345,11689,2,3,1889,32.658012,-97.205658,0.6,43.9,7.474851485,1,0,599 Washington dc,home
2361,11690,2.5,4,1870,27.8421472,-82.3683553,0,67.4,6,1,100,600 Washington dc,home
2363,11691,2,3,1248,32.636483,-97.355992,3.33,49.7,3,1,1,601 Washington dc,home
2364,11692,2.5,3,1677,38.811394,-90.795425,0,51.29616188,6,1,5,602 Washington dc,home
2372,11693,2,3,1520,38.235634,-90.426552,0,51.29616188,1,1,86,603 Washington dc,home
2391,11694,3,4,2049,33.40561819,-112.2075434,0,51.29616188,6,1,64,604 Washington dc,home
2392,11695,2,3,1688,30.228525,-81.808234,4.33,51.9,3,1,29,605 Washington dc,home
2396,11696,2,4,1700,35.933281,-86.846748,0,27.3,7.779518072,1,39,606 Washington dc,home
2422,11697,2,3,1313,28.3077488,-81.3493841,3,60.9,6,1,55,607 Washington dc,home
2441,11698,2,3,1665,36.056629,-86.544731,0,50.2,3,1,94,608 Washington dc,home
2448,11699,3,5,2495,35.3081155,-81.149676,4.33,45.9,7,1,56,609 Washington dc,home
2451,11700,2,3,1990,33.786087,-84.592545,0,93.4,7,1,77,610 Washington dc,home
2452,11701,2,3,1079,30.34948,-81.570992,0,86.7,9.570328283,1,6,611 Washington dc,home
2459,11702,2,3,1647,33.0401908,-97.3158588,6,27.6,8,1,91,612 Washington dc,home
2465,11703,3,3,1736,35.2806077,-81.0924744,5,51.6,5,1,96,613 Washington dc,home
2466,11704,2,3,1660,33.590893,-84.2298,5.67,60.8,2,1,1,614 Washington dc,home
2469,11705,2.5,3,2008,36.038815,-86.574371,0.2,55.5,7.539669422,1,79,615 Washington dc,home
2475,11706,2,3,1355,28.645521,-81.191304,9.33,40.1,3,1,95,616 Washington dc,home
2478,11707,2,3,1382,28.5212773,-81.7350346,6.33,39.1,6,1,12,617 Washington dc,home
2485,11708,3,3,2436,36.199207,-86.591957,0,54.6,5.443396226,1,98,618 Washington dc,home
2490,11709,2,4,1656,27.838129,-82.3703,0.2,67.4,5.951965065,1,6,619 Washington dc,home
2495,11710,2,3,1907,36.0597542,-86.5896113,3.33,55.5,5,1,100,620 Washington dc,home
2500,11711,2,3,1500,35.2027192,-89.7300913,4,57.1,7,1,60,621 Washington dc,home
2506,11712,3,4,2651,33.245743,-111.627243,0,38.4,5.247807638,1,32,622 Washington dc,home
2508,11713,2,3,1848,30.276585,-81.494888,0,57.1,6.627106227,1,75,623 Washington dc,home
2518,11714,2.5,3,1600,33.101572,-80.031115,0,51.29616188,6,1,73,624 Washington dc,home
2520,11715,2,4,1643,32.6181683,-97.3954431,4.33,36.2,6,1,45,625 Washington dc,home
2521,11716,2,3,1379,36.035656,-86.548424,0,50.2,9,1,6,626 Washington dc,home
2527,11717,2,4,1640,33.631466,-112.345505,0,34.4,8.805198777,1,79,627 Washington dc,home
2528,11718,2,3,1077,30.342621,-81.643936,0,96.5,6.870328283,1,1,628 Washington dc,home
2529,11719,2,3,1571,32.728281,-96.591097,7,29.8,5,1,28,629 Washington dc,home
2531,11720,2,3,1838,36.2274414,-86.4871713,8,22.8,5,1,63,630 Washington dc,home
2537,11721,2.5,4,2361,33.6905218,-84.5693552,4.67,86.2,4,1,38,631 Washington dc,home
2540,11722,2,3,1626,32.986012,-97.371346,0,16.8,8.923471616,1,43,632 Washington dc,home
2544,11723,2,4,1874,29.52175,-98.31316,0,51.29616188,6.211023622,1,51,633 Washington dc,home
2545,11724,2.5,3,1600,33.100195,-80.03151,0,51.29616188,6,1,30,634 Washington dc,home
2546,11725,2,3,1444,33.3018097,-111.822088,0,63.1,10,1,17,635 Washington dc,home
2552,11726,2.5,3,1385,33.5965218,-112.3231825,4.5,65.2,9,1,95,636 Washington dc,home
2565,11727,2,4,1828,28.265694,-81.355174,0,56.7,4.985,1,25,637 Washington dc,home
2568,11728,2.5,3,1801,28.200914,-82.673348,0,28.1,6,1,39,638 Washington dc,home
2571,11729,3,4,2359,35.7994953,-86.4102737,8.67,36.5,4,1,50,639 Washington dc,home
2573,11730,3,4,2100,33.678574,-84.247864,0,75.3,8,1,47,640 Washington dc,home
2574,11731,2,3,1680,29.928698,-95.084641,0.65,34.2,5.973709835,1,84,641 Washington dc,home
2575,11732,2,4,2115,28.214528,-82.27583,8.33,37.6,1,1,43,642 Washington dc,home
2588,11733,2,3,1300,30.402592,-81.692101,0,81.2,9.570328283,1,51,643 Washington dc,home
2601,11734,2.5,4,2279,29.815483,-95.6803721,6.33,47.5,3.274485597,1,86,644 Washington dc,home
2602,11735,2.5,3,2059,39.394138,-104.908173,0.57,51.29616188,7.415,1,63,645 Washington dc,home
2605,11736,2.5,4,1730,39.866547,-86.22757,0.43,36.5,2.41459854,1,34,646 Washington dc,home
2608,11737,3.5,5,2773,39.692406,-104.698288,0.6,51.29616188,6,1,78,647 Washington dc,home
2609,11738,2,4,1880,29.358692,-98.768265,0,51.29616188,6,1,4,648 Washington dc,home
2610,11739,1.5,3,1349,33.698757,-84.298767,0,75.3,10,1,100,649 Washington dc,home
2618,11740,2.5,4,2255,33.635925,-112.436455,0,12.5,8.058517034,1,27,650 Washington dc,home
2633,11741,2,3,1245,36.016729,-115.161371,6.33,51.1,4,1,92,651 Washington dc,home
2641,11742,3,4,2028,30.406601,-81.830215,0,47.5,6,1,92,652 Washington dc,home
2652,11743,3,5,3636,33.740852,-84.172806,0,77.2,4,1,58,653 Washington dc,home
2655,11744,2.5,3,1326,35.243614,-80.772675,1.33,66.5,7.862718447,1,12,654 Washington dc,home
2659,11745,2.5,3,1746,33.8496189,-84.837682,5.67,35.8,2,1,26,655 Washington dc,home
2662,11746,2.5,3,1600,33.09986,-80.03151,0,51.29616188,6,1,84,656 Washington dc,home
2667,11747,2,3,1357,34.970379,-90.098083,0,64,4,1,28,657 Washington dc,home
2674,11748,2.5,3,1350,33.7277385,-84.1431632,2.33,88.6,10,1,45,658 Washington dc,home
2675,11749,2.5,4,1560,33.507256,-84.415092,0,79.4,4,1,82,659 Washington dc,home
2677,11750,2,3,1446,29.351847,-98.636238,0.37,51.29616188,6.941843972,1,76,660 Washington dc,home
2680,11751,2.5,4,2010,33.18954,-111.60703,2.3,38.4,5,1,57,661 Washington dc,home
2682,11752,2,3,1240,36.122166,-79.789398,0,51.29616188,1,1,42,662 Washington dc,home
2684,11753,2.5,3,2256,29.531876,-98.699196,0.83,51.29616188,6.0640625,1,0,663 Washington dc,home
2687,11754,2,5,2157,26.55936,-80.160389,8.33,25.7,4,1,51,664 Washington dc,home
2690,11755,2,3,1978,28.546881,-81.288948,4.33,74.7,2,1,91,665 Washington dc,home
2692,11756,2,3,1626,33.7983179,-84.5535655,0,42.6,6,1,74,666 Washington dc,home
2696,11757,2,3,1269,28.6897922,-81.2972364,6,40,9,1,49,667 Washington dc,home
2708,11758,2.5,4,2264,33.839748,-83.925316,0.5,51.29616188,8.688744589,1,94,668 Washington dc,home
2717,11759,2,4,1404,33.964069,-83.964645,0,66.1,3,1,72,669 Washington dc,home
2720,11760,2,4,1821,30.1097916,-81.7792788,6.67,41.3,7,1,86,670 Washington dc,home
2727,11761,2,3,1929,30.361278,-81.4974759,6.67,44.1,3,1,95,671 Washington dc,home
2736,11762,2,4,1748,30.03525,-81.8070853,6.67,42,10,1,17,672 Washington dc,home
2741,11763,2.5,4,1947,30.039358,-95.392609,0,43.8,5,1,77,673 Washington dc,home
2748,11764,2,3,1381,33.238323,-97.171463,0.47,45.2,6.001912261,1,58,674 Washington dc,home
2750,11765,2,3,1869,33.3845967,-112.0257931,1.3,67.6,8,1,17,675 Washington dc,home
2752,11766,3,4,2300,34.920764,-89.798638,8.33,35.2,3,1,34,676 Washington dc,home
2753,11767,2.5,4,2696,33.760532,-84.014923,0,48.6,2,1,70,677 Washington dc,home
2758,11768,3,4,3084,33.320141,-111.761047,8.67,39.9,3,1,38,678 Washington dc,home
2773,11769,2,3,1189,28.4014214,-81.4210089,5.33,58.5,8.242011834,1,78,679 Washington dc,home
2775,11770,2.5,3,1889,33.9731003,-83.9324475,6.33,37,5,1,29,680 Washington dc,home
2780,11771,2,4,1880,34.811722,-89.988167,86.32,30.2,9.596303901,1,36,681 Washington dc,home
2781,11772,2.5,3,1365,36.229095,-115.32756,0,45.2,5.743260591,1,13,682 Washington dc,home
2785,11773,2,3,1416,35.024616,-89.824387,0,67.1,3,1,45,683 Washington dc,home
2786,11774,2,3,2088,33.5328123,-112.2475995,5.67,53,5,1,54,684 Washington dc,home
2790,11775,2.5,3,1674,36.3160632,-115.210661,6.67,36.7,7,1,32,685 Washington dc,home
2795,11776,2.5,3,1860,35.780378,-86.396259,7.67,25.7,1,1,74,686 Washington dc,home
2809,11777,2.5,3,1440,33.690475,-84.1558,0,86.4,9.569082126,1,27,687 Washington dc,home
2812,11778,3.5,3,2430,39.526997,-104.76413,61.73,51.29616188,5.152586207,1,39,688 Washington dc,home
2813,11779,2,4,1727,32.124863,-111.112061,0.15,52.6,2.21097561,1,91,689 Washington dc,home
2826,11780,3.5,4,3802,33.5928984,-83.9225221,0,56,3,1,17,690 Washington dc,home
2830,11781,3,4,2369,28.35545,-81.4541841,0,58.5,3,1,12,691 Washington dc,home
2831,11782,2.5,3,1808,32.856816,-96.5838239,4.33,54.7,4,1,48,692 Washington dc,home
2842,11783,2,3,1940,35.832654,-86.458068,8.33,36.5,6,1,85,693 Washington dc,home
2844,11784,2.5,4,2476,33.979691,-84.032173,0,45,1,1,68,694 Washington dc,home
2852,11785,2,3,1384,32.776623,-96.578468,0.3,57.4,5.305736783,1,2,695 Washington dc,home
2869,11786,2,3,1487,32.617725,-97.425285,0,36.2,6.100478469,1,30,696 Washington dc,home
2885,11787,2.5,4,2554,30.046675,-95.588905,0,41.3,5.984819734,1,44,697 Washington dc,home
2886,11788,2.5,3,1907,33.6051669,-84.4789284,1.2,92.8,9,1,79,698 Washington dc,home
2889,11789,2,3,1264,30.216101,-81.765656,0.15,71.7,8.806243496,1,88,699 Washington dc,home
2890,11790,2,4,1685,30.006636,-81.730087,0.73,42,6.627106227,1,94,700 Washington dc,home
2894,11791,3.5,4,2689,25.678146,-80.44738,0,43.3,5.664705882,1,15,701 Washington dc,home
2895,11792,2,3,1338,33.733852,-85.001651,0,34,8,1,29,702 Washington dc,home
2896,11793,2.5,3,1793,35.841919,-78.304253,0.2,42.2,8.705970149,1,98,703 Washington dc,home
2908,11794,3,3,2629,33.568855,-84.248253,0,60.8,9.573213176,1,88,704 Washington dc,home
2915,11795,2,4,1884,30.1775517,-81.7847897,7,54.2,9,1,91,705 Washington dc,home
2929,11796,2.5,4,1584,35.479229,-80.582962,0,51.29616188,5.211464968,1,30,706 Washington dc,home
2931,11797,2,3,1985,32.765701,-97.497711,0,44.8,6.941035857,1,73,707 Washington dc,home
2941,11798,2,3,1445,32.6196733,-97.3658261,4.67,36.2,4,1,39,708 Washington dc,home
2945,11799,2,3,1751,28.802145,-81.2405689,7.67,67.8,3,1,60,709 Washington dc,home
2951,11800,2,4,2224,33.893022,-84.784139,6,41,6,1,95,710 Washington dc,home
2953,11801,2,4,1203,38.177479,-85.833534,0,51.29616188,10,1,17,711 Washington dc,home
2957,11802,2.5,4,2721,32.5832467,-96.9235729,3.67,47.1,4,1,76,712 Washington dc,home
2964,11803,2.5,3,2111,35.980259,-86.388573,55.36,37.4,2.384426229,1,92,713 Washington dc,home
2970,11804,2.5,3,2037,35.751672,-78.4599792,2,50.9,5,1,53,714 Washington dc,home
2971,11805,2.5,4,1829,36.07537,-115.05138,5.6,59.7,9,1,97,715 Washington dc,home
2982,11806,3,4,1616,33.398636,-84.016045,0,38.9,2.401978519,1,90,716 Washington dc,home
2984,11807,2,3,1591,33.262451,-97.230949,0.57,27.6,6.145762712,1,67,717 Washington dc,home
2988,11808,3.5,3,1584,35.24955939,-80.86230784,0,72.9,6,1,86,718 Washington dc,home
2993,11809,3,5,2269,30.45623,-81.605737,5.67,66.5,3,1,59,719 Washington dc,home
2997,11810,2.5,3,1506,29.379713,-98.383347,0,51.29616188,7.275324675,1,21,720 Washington dc,home
3001,11811,2,3,1465,33.671158,-84.260689,0,75.3,9,1,43,721 Washington dc,home
3010,11812,2.5,3,1600,33.099849,-80.031126,0,51.29616188,6,1,60,722 Washington dc,home
3012,11813,2.5,4,2786,33.757038,-84.124168,3.33,88.6,2,1,90,723 Washington dc,home
3020,11814,2.5,3,1852,35.227517,-80.629229,5.67,66.5,5,1,39,724 Washington dc,home
3024,11815,3.5,4,1804,33.462059,-84.370758,21.33,51.29616188,7.773213176,1,43,725 Washington dc,home
3033,11816,2.5,3,2189,29.971661,-95.41761,0,60.8,3,1,57,726 Washington dc,home
3038,11817,2,4,1789,33.394138,-111.604118,0,39.6,5.958517034,1,37,727 Washington dc,home
3039,11818,2,3,1874,34.174466,-84.526809,8.33,40.4,4,1,26,728 Washington dc,home
3044,11819,2,3,1591,35.2023675,-89.7289033,4.67,57.1,5,1,85,729 Washington dc,home
3051,11820,2,4,1685,35.3192614,-80.6010987,8.33,21.2,5,1,12,730 Washington dc,home
3056,11821,2,3,1110,39.789097,-85.744293,0,31.8,4,1,68,731 Washington dc,home
3059,11822,2.5,3,1486,39.910454,-82.830055,0,51.29616188,4.439,1,93,732 Washington dc,home
3063,11823,2,5,2000,34.954597,-90.063315,6,73.1,4,1,98,733 Washington dc,home
3064,11824,2,3,1551,28.231955,-81.277161,0,56.6,6.170954357,1,73,734 Washington dc,home
3070,11825,2,3,1704,32.883457,-97.25325,0,31.8,6.774851485,1,11,735 Washington dc,home
3073,11826,2,3,1762,32.19709,-110.781616,0.3,30.7,5.015384615,1,54,736 Washington dc,home
3077,11827,2,3,1018,29.4793194,-98.3442814,0,51.29616188,6,1,13,737 Washington dc,home
3083,11828,2,3,1360,29.799805,-95.183578,0,58,6,1,62,738 Washington dc,home
3088,11829,2,3,1336,33.669292,-112.017761,0,42.5,8.179477612,1,62,739 Washington dc,home
3094,11830,2,3,1801,35.339645,-97.525917,0,51.29616188,5,1,100,740 Washington dc,home
3095,11831,2,4,2442,35.149284,-89.777039,0,47.6,8.835689655,1,60,741 Washington dc,home
3096,11832,2.5,4,2656,33.662186,-84.252495,0.15,55,6.62928208,1,24,742 Washington dc,home
3097,11833,2.5,4,3350,32.616394,-97.122818,0,30.5,6.114893617,1,16,743 Washington dc,home
3103,11834,2,4,1930,28.866238,-81.900487,0,34.7,7,1,5,744 Washington dc,home
3104,11835,2.5,3,1791,33.5782916,-84.5773184,3.33,73.6,5,1,45,745 Washington dc,home
3105,11836,2.5,3,1500,33.596149,-84.266541,0,63.9,6,1,92,746 Washington dc,home
3111,11837,2,3,2066,35.1689881,-89.7325258,7.33,57.1,3,1,89,747 Washington dc,home
3113,11838,2.5,4,1890,36.038158,-86.544619,6,50.2,9,1,75,748 Washington dc,home
3115,11839,2.5,3,2526,36.016068,-86.692429,0,60.2,7.489473684,1,7,749 Washington dc,home
3118,11840,2.5,5,2163,30.37649,-95.647636,0,25.1,6.727361563,1,19,750 Washington dc,home
3120,11841,2.5,3,2035,39.719149,-86.019908,8.67,34,4,1,40,751 Washington dc,home
3123,11842,2.5,3,2378,33.417725,-112.200829,0.2,90.8,5.320967742,1,66,752 Washington dc,home
3131,11843,2.5,4,2331,33.6721829,-84.203357,0,86.4,2,1,92,753 Washington dc,home
3132,11844,2,4,1461,32.725601,-96.895905,0,59.6,2,1,93,754 Washington dc,home
3133,11845,2,3,1522,33.766869,-84.191154,0,77.2,10,1,75,755 Washington dc,home
3136,11846,2,4,1936,27.8424354,-82.3700539,0,67.4,6,1,11,756 Washington dc,home
3137,11847,2.5,3,1650,35.7318619,-78.5365324,4,77.5,5,1,88,757 Washington dc,home
3143,11848,2,3,1529,33.374652,-112.16643,4.33,53.5,4,1,25,758 Washington dc,home
3145,11849,2.5,3,1800,35.8047742,-86.4689669,8.33,36.5,5,1,21,759 Washington dc,home
3150,11850,2,3,1305,36.030338,-86.547796,5.33,50.2,10,1,21,760 Washington dc,home
3154,11851,2,3,1537,29.943834,-81.440781,0,28.7,8.31120332,1,3,761 Washington dc,home
3155,11852,2.5,3,1495,36.02108,-114.97029,7.27,48.6,10,1,93,762 Washington dc,home
3162,11853,2.5,4,2320,28.8453086,-81.6576361,3.33,58,2.447337278,1,21,763 Washington dc,home
3164,11854,2,3,1420,27.7103414,-82.6599692,0,88.7,8,1,47,764 Washington dc,home
3168,11855,2,3,1503,30.4171314,-81.7689823,4.33,47.5,9,1,92,765 Washington dc,home
3171,11856,3,4,2207,28.060522,-81.992305,0,51.29616188,6,1,87,766 Washington dc,home
3173,11857,4,5,3863,33.764256,-84.112305,0,88.6,7.602970297,1,82,767 Washington dc,home
3176,11858,2,3,1825,33.43705,-84.34623,0,51.29616188,2.43106961,1,48,768 Washington dc,home
3178,11859,3,5,2453,27.326113,-82.422684,0,51.29616188,6,1,31,769 Washington dc,home
3179,11860,2,4,1965,30.556736,-97.594543,0.53,51.29616188,6.67027027,1,9,770 Washington dc,home
3181,11861,2,3,1502,30.2144137,-81.7657349,3,71.7,8,1,43,771 Washington dc,home
3189,11862,2.5,4,1598,33.41416,-112.17505,3.03,90.8,9,1,8,772 Washington dc,home
3191,11863,2,4,2100,32.759609,-96.418335,0,26.8,6.769405815,1,71,773 Washington dc,home
3196,11864,2.5,3,1772,39.998726,-85.948227,0,37.8,9,1,80,774 Washington dc,home
3197,11865,2.5,3,2342,39.936127,-85.949211,0.9,21.6,3.35014245,1,9,775 Washington dc,home
3198,11866,2,3,1679,35.299099,-80.718414,0.2,77.1,7.49112426,1,38,776 Washington dc,home
3202,11867,2,3,1410,35.833111,-86.452103,0,36.5,1.479518072,1,44,777 Washington dc,home
3203,11868,2.5,3,1624,28.188889,-82.526375,0,45.8,4.24601227,1,35,778 Washington dc,home
3209,11869,2.5,3,1457,35.294693,-80.685455,0,77.1,7.451473137,1,5,779 Washington dc,home
3210,11870,3,3,1853,33.387751,-112.112284,4,70.4,4,1,37,780 Washington dc,home
3215,11871,3,4,3143,26.70871,-81.751816,0,56.3,1,1,49,781 Washington dc,home
3220,11872,2,3,1030,30.168053,-81.615868,0.5,29.1,8.806243496,1,66,782 Washington dc,home
3221,11873,2.5,4,1641,33.40007,-112.065895,0,88.1,8.058517034,1,68,783 Washington dc,home
3225,11874,1.5,4,1631,33.529602,-84.36879,0,79.4,2,1,6,784 Washington dc,home
3239,11875,2,3,1330,28.287003,-81.467568,3,56.6,5,1,3,785 Washington dc,home
3241,11876,2,2,1978,32.813934,-96.824249,0,63.1,4.557142857,1,39,786 Washington dc,home
3246,11877,2.5,3,1696,33.678631,-84.243965,0,75.3,8.721731343,1,99,787 Washington dc,home
3255,11878,2,3,1238,33.3845616,-112.5846895,3.67,49.9,5,1,4,788 Washington dc,home
3256,11879,2.5,3,1654,39.472771,-105.06501,0.83,51.29616188,6,1,91,789 Washington dc,home
3258,11880,2,3,1554,33.440533,-84.436707,0.67,26.7,2.421731343,1,10,790 Washington dc,home
3260,11881,2,3,1310,33.395094,-112.127862,4.33,70.4,5,1,75,791 Washington dc,home
3267,11882,2.5,3,1600,33.101044,-80.031392,0,51.29616188,6,1,18,792 Washington dc,home
3268,11883,2.5,5,2397,32.883385,-97.275581,0,45.1,6.823471616,1,5,793 Washington dc,home
3274,11884,2.5,3,1772,33.6365928,-84.5153577,3.17,92.8,7,1,5,794 Washington dc,home
3277,11885,2.5,4,2541,35.356808,-80.560303,0.5,45.9,7.451473137,1,23,795 Washington dc,home
3282,11886,2,3,1393,33.77174,-84.767181,0,61,3,1,55,796 Washington dc,home
3285,11887,2.5,3,2151,35.3549435,-80.7976233,8,56.1,2,1,79,797 Washington dc,home
3291,11888,2,3,1593,35.019535,-89.824539,0,85.3,2,1,86,798 Washington dc,home
3296,11889,2,4,2394,33.500259,-84.173233,52.88,61.6,8.673213176,1,24,799 Washington dc,home
3300,11890,3,4,1575,36.278312,-115.140977,4,44.6,5,1,100,800 Washington dc,home
3302,11891,2,3,1331,30.186733,-81.80555,0.7,54.2,8.806243496,1,45,801 Washington dc,home
3314,11892,2.5,3,1261,36.2727991,-115.2550263,7.33,35.6,8,1,72,802 Washington dc,home
3315,11893,3.5,5,2148,33.780384,-84.597687,0,93.4,7.996832579,1,58,803 Washington dc,home
3316,11894,2.5,3,1606,33.626698,-84.543472,0,92.8,4.501978519,1,40,804 Washington dc,home
3318,11895,2.5,4,1900,29.9608263,-95.5605311,6.33,49.7,9,1,43,805 Washington dc,home
3326,11896,2.5,3,1424,35.161434,-80.933456,3.67,61.4,5.16353211,1,65,806 Washington dc,home
3327,11897,2.5,4,1709,36.2439793,-115.1398172,2.37,46.1,10,1,51,807 Washington dc,home
3333,11898,3,4,2377,32.424805,-97.219841,0,32.2,8.923471616,1,21,808 Washington dc,home
3336,11899,2.5,3,1883,33.643486,-112.257706,0,40.9,6.158955224,1,35,809 Washington dc,home
3337,11900,3,4,2120,35.2339163,-89.8469901,7.33,29.7,5,1,78,810 Washington dc,home
3349,11901,2.5,3,1590,35.29878,-80.90922,2.67,72.9,7,1,37,811 Washington dc,home
3358,11902,2,3,1258,33.881809,-84.625847,0,51.29616188,7.32928208,1,80,812 Washington dc,home
3363,11903,2.5,4,1956,35.174155,-80.723165,5.33,49.2,5,1,6,813 Washington dc,home
3371,11904,2,3,1204,28.67732,-81.189125,0.83,40.1,9.009957326,1,50,814 Washington dc,home
3374,11905,3,4,2273,29.956836,-81.534076,9.33,28.7,3,1,71,815 Washington dc,home
3379,11906,2,3,1345,30.0847331,-95.1943967,7,36.3,5,1,18,816 Washington dc,home
3381,11907,2.5,4,2120,30.350803,-95.499062,0.6,43.3,3.889561271,1,23,817 Washington dc,home
3383,11908,3,6,2580,27.732885,-82.405334,0,50.1,6,1,67,818 Washington dc,home
3384,11909,2.5,3,1392,33.566078,-84.494118,0,73.6,10,1,0,819 Washington dc,home
3392,11910,2,3,1644,27.950434,-82.299094,5.33,58.6,10,1,65,820 Washington dc,home
3394,11911,2.5,2,1080,33.644951,-84.008453,0,64.5,6,1,95,821 Washington dc,home
3399,11912,2.5,3,2044,34.31956,-83.81598,0,51.29616188,6,1,41,822 Washington dc,home
3402,11913,3.5,4,3340,29.614006,-98.538658,0,51.29616188,5.275324675,1,82,823 Washington dc,home
3408,11914,2.5,4,2622,32.5921002,-96.88564,4.33,51.4,6,1,45,824 Washington dc,home
3411,11915,2,3,1377,36.07957,-86.6545,2.67,55.5,3,1,31,825 Washington dc,home
3414,11916,2,4,1825,28.158422,-82.276199,0.57,52.3,4.548130841,1,30,826 Washington dc,home
3418,11917,2.5,4,2092,29.486586,-98.320267,0,51.29616188,7.841843972,1,36,827 Washington dc,home
3421,11918,2,3,1506,39.7736472,-86.3513002,7.33,22.9,8,1,54,828 Washington dc,home
3436,11919,2,3,1641,28.494415,-82.505127,4.33,33.2,5,1,8,829 Washington dc,home
3440,11920,2.5,4,2466,35.180107,-89.75161,0,51.29616188,6,1,43,830 Washington dc,home
3448,11921,2.5,4,2808,30.0161024,-95.4141843,3.67,60.8,8,1,75,831 Washington dc,home
3453,11922,2,3,1296,27.823025,-82.372154,0.2,67.4,6.189223455,1,96,832 Washington dc,home
3454,11923,2,3,1346,32.6986548,-96.5964401,3,52.6,3,1,91,833 Washington dc,home
3460,11924,2.5,4,1750,32.8994471,-96.5309793,7.33,24.9,8,1,99,834 Washington dc,home
3471,11925,2,3,1884,32.984631,-97.383209,0,16.8,6.870588235,1,16,835 Washington dc,home
3473,11926,2,3,1321,33.581638,-83.912422,2.47,56,9,1,88,836 Washington dc,home
3479,11927,2,3,1841,29.562826,-95.550957,0.6,22.2,2.504719101,1,15,837 Washington dc,home
3481,11928,2,3,1478,28.7336496,-81.335269,7.67,47,7,1,87,838 Washington dc,home
3487,11929,2,3,1517,35.05061,-80.871948,0,68.5,6.949652778,1,18,839 Washington dc,home
3488,11930,2,3,1874,32.6396663,-97.3681895,2.67,49.7,10,1,44,840 Washington dc,home
3500,11931,2,3,1123,35.593639,-80.790276,0.7,44.2,9.66353211,1,5,841 Washington dc,home
3502,11932,2.5,3,1707,30.187098,-81.832428,0,47.7,6,1,60,842 Washington dc,home
3503,11933,2,3,1587,33.193527,-96.9282,0,34,5.125760649,1,39,843 Washington dc,home
3504,11934,2.5,4,1832,33.73803,-84.188751,3.67,77.2,10,1,50,844 Washington dc,home
3514,11935,2,3,2019,34.923317,-89.805664,7.33,35.2,8.695767196,1,93,845 Washington dc,home
3517,11936,2,3,1362,35.201434,-89.7220339,5.33,57.1,4,1,54,846 Washington dc,home
3520,11937,2,3,1365,30.424086,-95.558266,0.5,33.2,5.239240506,1,24,847 Washington dc,home
3525,11938,2.5,4,2580,35.537682,-80.793076,0.7,44.2,6.06353211,1,38,848 Washington dc,home
3545,11939,2,3,1812,33.042774,-96.565964,0,51.29616188,6.905408515,1,75,849 Washington dc,home
3550,11940,2,3,1451,30.172651,-81.612862,5,56.7,4.510984848,1,57,850 Washington dc,home
3553,11941,3.5,5,4412,32.595455,-96.90625,0,51.4,6.514893617,1,67,851 Washington dc,home
3586,11942,2,3,1710,33.217464,-111.802032,0,23.2,7.307438016,1,57,852 Washington dc,home
3595,11943,2.5,3,1467,35.997074,-115.227783,0.77,44.3,8.532882883,1,46,853 Washington dc,home
3599,11944,2,4,2313,33.42133,-112.40162,3.07,46.8,5,1,61,854 Washington dc,home
3600,11945,2.5,3,2271,29.6058834,-95.3789668,0,52,6,1,17,855 Washington dc,home
3601,11946,3,4,2200,35.236591,-89.874344,0,29.7,1,1,68,856 Washington dc,home
3604,11947,2.5,3,1783,33.477215,-112.217163,2.67,82,3.297902571,1,21,857 Washington dc,home
3608,11948,2.5,3,1368,33.583874,-84.424011,3,90.2,7.33106961,1,61,858 Washington dc,home
3610,11949,2,3,1531,33.781,-84.58015,2.5,93.4,5,1,39,859 Washington dc,home
3613,11950,2,3,1018,29.3486845,-98.6924774,0,51.29616188,6,1,79,860 Washington dc,home
3625,11951,2.5,3,1364,36.274721,-115.1286289,2.9,59.2,10,1,36,861 Washington dc,home
3626,11952,2,3,1889,27.823458,-82.37249,4.33,67.4,3,1,81,862 Washington dc,home
3629,11953,3,3,2092,33.898833,-84.674489,7,35.2,5,1,80,863 Washington dc,home
3630,11954,2.5,3,2267,36.258827,-115.147049,0,46.1,4.993189369,1,7,864 Washington dc,home
3635,11955,2,4,2033,32.8979489,-96.529797,7.33,24.9,4,1,91,865 Washington dc,home
3650,11956,2,3,1638,33.4142094,-112.1752268,0,90.8,10,1,72,866 Washington dc,home
3659,11957,2.5,3,2127,28.3992759,-82.5688383,0,34,2,1,91,867 Washington dc,home
3662,11958,2.5,3,2340,36.019474,-86.654067,3.33,55.5,8,1,79,868 Washington dc,home
3668,11959,2,3,1205,33.217987,-86.834045,0,51.29616188,4,1,64,869 Washington dc,home
3671,11960,2,3,1833,27.90616,-82.30323,0,62.1,6.651965065,1,92,870 Washington dc,home
3673,11961,2.5,4,2185,33.200372,-111.566139,4.67,47.6,9,1,27,871 Washington dc,home
3674,11962,2,3,1340,33.911583,-84.845955,4.67,35.8,2,1,18,872 Washington dc,home
3675,11963,2,3,1460,33.835587,-84.054466,0,48.6,1,1,83,873 Washington dc,home
3679,11964,2,3,1871,28.209256,-82.372576,8.33,36.9,10,1,51,874 Washington dc,home
3683,11965,2.5,3,2060,29.393612,-98.682457,0,51.29616188,9,1,71,875 Washington dc,home
3694,11966,2,4,1406,28.77994,-81.29344,5,70,6,1,74,876 Washington dc,home
3704,11967,2,3,1068,30.165205,-81.618706,0,29.1,8.781049251,1,85,877 Washington dc,home
3719,11968,3,4,1324,33.525959,-84.370422,0,79.4,5,1,64,878 Washington dc,home
3721,11969,2,3,1731,32.6175489,-97.359606,5,36.2,8,1,89,879 Washington dc,home
3731,11970,2,3,1200,35.9496362,-86.4758814,5.67,42.6,6,1,54,880 Washington dc,home
3736,11971,1.5,3,1270,39.950424,-83.232994,0,51.29616188,10,1,25,881 Washington dc,home
3739,11972,2,4,1764,35.543892,-82.440544,0,51.29616188,6,1,24,882 Washington dc,home
3749,11973,2.5,3,1888,33.4228306,-84.1382986,3.33,32.2,4,1,49,883 Washington dc,home
3752,11974,3,4,2554,32.587288,-96.902406,3.67,51.4,6,1,95,884 Washington dc,home
3756,11975,2.5,3,2054,30.542837,-97.670563,0,51.29616188,6.67027027,1,11,885 Washington dc,home
3757,11976,2,3,1018,29.346019,-98.6925399,0,51.29616188,6,1,60,886 Washington dc,home
3768,11977,2,3,1488,40.303207,-83.031525,0.6,51.29616188,8.801851852,1,28,887 Washington dc,home
3781,11978,3,4,2410,33.467722,-84.165102,0,61.6,10,1,14,888 Washington dc,home
3784,11979,2,3,1810,27.783386,-82.362808,0,30,5.419078947,1,27,889 Washington dc,home
3791,11980,2.5,3,1749,34.258244,-84.819771,0,50.7,7,1,23,890 Washington dc,home
3792,11981,3,4,2081,33.669685,-84.198982,0,86.4,10,1,15,891 Washington dc,home
3805,11982,2,3,1516,30.3334496,-81.4794956,5.67,44.1,9,1,53,892 Washington dc,home
3809,11983,2,3,1398,35.18758,-89.765755,0,57.1,8,1,28,893 Washington dc,home
3813,11984,2.5,4,2174,35.617802,-78.574677,0.7,42,7.406271777,1,85,894 Washington dc,home
3824,11985,2.5,4,2098,27.728832,-82.449667,2.67,50.1,2.464583333,1,98,895 Washington dc,home
3826,11986,2.5,3,1587,33.592205,-86.949791,0,51.29616188,3,1,79,896 Washington dc,home
3837,11987,2.5,4,2814,28.72293,-81.515558,6.67,29.3,1,1,83,897 Washington dc,home
3838,11988,2.5,4,1776,33.6085772,-112.3279326,0,65.2,6,1,75,898 Washington dc,home
3840,11989,2.5,4,2144,29.58473,-95.457825,0.1,54.3,7.288657648,1,78,899 Washington dc,home
3854,11990,2,3,1458,26.648041,-81.667404,0,64.6,3,1,81,900 Washington dc,home
3858,11991,2,3,1288,36.046895,-86.551867,6,50.2,3,1,9,901 Washington dc,home
3859,11992,2,3,1430,30.015902,-95.188492,0,28.9,8.144328824,1,16,902 Washington dc,home
3860,11993,3,3,3194,33.573189,-84.589127,0,73.6,9,1,75,903 Washington dc,home
3863,11994,2,4,1950,29.537653,-98.786491,0,51.29616188,5.571900826,1,78,904 Washington dc,home
3866,11995,3,4,2136,33.636742,-84.489464,0,92.8,2,1,56,905 Washington dc,home
3871,11996,2,3,1288,33.678307,-86.659691,0,51.29616188,1,1,94,906 Washington dc,home
3874,11997,2.5,3,2157,35.889061,-86.371002,0,63.6,9,1,30,907 Washington dc,home
3876,11998,2,3,1123,30.131617,-95.36982,0.8,30.9,8.104719101,1,17,908 Washington dc,home
3878,11999,2,4,2045,32.127506,-110.867226,0.1,48.3,3.233333333,1,83,909 Washington dc,home
3879,12000,1,3,1247,30.389898,-81.659515,0,81.2,9.570328283,1,67,910 Washington dc,home
3890,12001,2,3,1390,29.999769,-81.690125,0,42,5.068965517,1,55,911 Washington dc,home
3903,12002,2,3,1882,35.151409,-89.788223,0,47.6,8,1,3,912 Washington dc,home
3905,12003,2,3,1232,35.49864,-80.64557,0.23,51.29616188,8.19112426,1,58,913 Washington dc,home
3906,12004,2,4,1707,33.398937,-112.123505,0,70.4,4.605198777,1,60,914 Washington dc,home
3907,12005,1,3,912,38.755547,-90.235191,0,51.29616188,8,1,56,915 Washington dc,home
3908,12006,2,3,1490,28.574394,-81.236832,0.2,59.9,9.009957326,1,3,916 Washington dc,home
3912,12007,2,3,1472,30.15785,-81.619743,0.5,29.1,8.106243496,1,93,917 Washington dc,home
3915,12008,2.5,3,1758,36.070991,-86.652764,3.33,55.5,5,1,23,918 Washington dc,home
3918,12009,3,4,2074,30.585766,-97.657631,0,51.29616188,5.97027027,1,72,919 Washington dc,home
3920,12010,2,5,2404,41.136402,-112.075005,0.67,51.29616188,6.003529412,1,93,920 Washington dc,home
3922,12011,2.5,3,2410,33.467449,-84.165176,21.03,61.6,5.92928208,1,14,921 Washington dc,home
3924,12012,2.5,3,2304,33.784336,-84.108627,0,39.5,8.701978519,1,80,922 Washington dc,home
3927,12013,1,3,1124,33.799686,-84.477783,0,92.1,6,1,89,923 Washington dc,home
3942,12014,2,4,1788,33.781094,-84.097305,4,88.6,6.888744589,1,44,924 Washington dc,home
3944,12015,2.5,3,1493,33.229118,-96.955765,0.7,30.1,7.459526938,1,20,925 Washington dc,home
3951,12016,2.5,4,2636,33.6701204,-84.6428811,5,92.8,3,1,0,926 Washington dc,home
3957,12017,3,3,2014,33.927677,-84.904922,0,39.4,5.615730337,1,0,927 Washington dc,home
3964,12018,2.5,3,1468,33.784725,-84.597458,3.33,93.4,7.788744589,1,87,928 Washington dc,home
3967,12019,2,3,1524,28.939915,-81.192123,0,41.2,3,1,74,929 Washington dc,home
3971,12020,2,3,1258,26.6370772,-81.9973451,7.33,44.1,7,1,93,930 Washington dc,home
3978,12021,2,3,1418,33.405849,-84.613037,0,31.1,6.869082126,1,39,931 Washington dc,home
3980,12022,2,3,1534,29.493402,-98.364578,0.3,51.29616188,3.352403846,1,12,932 Washington dc,home
3981,12023,2.5,3,1531,36.2589446,-115.2039917,3.67,46.1,5,1,30,933 Washington dc,home
3986,12024,2,3,1878,35.665066,-97.573944,0,51.29616188,7,1,7,934 Washington dc,home
3996,12025,2.5,4,1846,35.6533582,-78.4790808,6,41.7,4,1,48,935 Washington dc,home
3997,12026,2,3,1672,32.760326,-96.454193,0.5,51.29616188,6,1,91,936 Washington dc,home
3998,12027,2.5,4,2205,35.850834,-86.472198,0.77,51.29616188,6,1,80,937 Washington dc,home
4004,12028,3,4,1752,33.751984,-84.104408,0,88.6,7.335008977,1,30,938 Washington dc,home
4007,12029,2.5,3,1600,33.0989639,-80.0313352,0,51.29616188,6,1,85,939 Washington dc,home
4011,12030,2.5,3,1600,33.101106,-80.030961,0,51.29616188,6,1,73,940 Washington dc,home
4016,12031,2,3,1346,28.665327,-81.454147,5.67,58.2,6,1,89,941 Washington dc,home
4021,12032,2,3,1335,27.778564,-82.369791,5.33,30,5,1,63,942 Washington dc,home
4024,12033,2,3,1780,27.801118,-82.304035,5,43,1,1,27,943 Washington dc,home
4025,12034,2,3,1048,26.677801,-81.664772,0,64.6,1,1,24,944 Washington dc,home
4029,12035,2,3,1798,32.645229,-97.174362,0,30.5,5.101912261,1,63,945 Washington dc,home
4035,12036,2,3,1880,35.03484,-89.821869,8,67.1,8.135689655,1,65,946 Washington dc,home
4036,12037,2,3,1425,35.193609,-89.720844,5.33,57.1,6,1,16,947 Washington dc,home
4038,12038,2.5,3,2466,28.201495,-82.674893,0,28.1,6,1,26,948 Washington dc,home
4042,12039,2,3,1178,33.545872,-84.295509,0,75.9,1,1,24,949 Washington dc,home
4058,12040,2,3,1226,33.76785,-84.74089,3.2,61,10,1,79,950 Washington dc,home
4065,12041,2.5,3,1707,30.186077,-81.831505,0,47.7,6,1,50,951 Washington dc,home
4067,12042,2.5,4,1691,33.608315,-112.336098,5.33,65.2,6.922759158,1,1,952 Washington dc,home
4073,12043,2.5,3,1709,35.339669,-80.878644,5.33,72.9,5,1,60,953 Washington dc,home
4074,12044,2.5,3,1640,33.9556952,-84.6268393,8,51.29616188,3,1,98,954 Washington dc,home
4080,12045,2.5,4,2240,29.9396313,-95.2152293,4,55.1,1,1,39,955 Washington dc,home
4085,12046,2.5,5,2264,27.737535,-82.380836,0.15,8.4,7.453620352,1,75,956 Washington dc,home
4092,12047,2.5,3,1700,35.0170346,-89.8019976,4,67.1,5,1,79,957 Washington dc,home
4093,12048,2.5,4,2089,35.2833471,-81.09269,3.67,51.6,8,1,76,958 Washington dc,home
4106,12049,2.5,4,2652,33.679089,-84.245667,0,75.3,7,1,46,959 Washington dc,home
4108,12050,2.5,3,2024,33.4250362,-112.2550043,3.33,70.5,5,1,91,960 Washington dc,home
4110,12051,2,3,1930,32.749413,-96.446136,0,26.8,4.678571429,1,80,961 Washington dc,home
4114,12052,2,4,2237,28.229717,-81.450058,0,56.6,8.972807017,1,91,962 Washington dc,home
4116,12053,2.5,3,1567,33.75589,-84.759712,0,61,7.321731343,1,2,963 Washington dc,home
4119,12054,2.5,3,1710,33.61638,-112.06507,0,64.7,7.490434783,1,99,964 Washington dc,home
4123,12055,3,5,2818,33.57671,-83.981918,0.2,51.29616188,6,1,91,965 Washington dc,home
4132,12056,2,3,1533,33.362736,-97.163193,0,37,7.523471616,1,49,966 Washington dc,home
4139,12057,2.5,3,1686,33.294731,-112.037453,0,45.2,6.112578616,1,39,967 Washington dc,home
4143,12058,2.5,3,1524,34.931629,-80.754143,0.57,51.29616188,6,1,63,968 Washington dc,home
4144,12059,2.5,4,2648,32.647999,-96.975113,0,51.29616188,6,1,49,969 Washington dc,home
4145,12060,2,3,1811,28.215682,-82.436584,7.67,32.3,5,1,52,970 Washington dc,home
4147,12061,2.5,5,2687,29.685703,-95.656845,0,44.1,8.777302632,1,45,971 Washington dc,home
4148,12062,2.5,3,1906,35.303561,-80.683643,3.67,77.1,4,1,98,972 Washington dc,home
4154,12063,2,3,1199,35.1533413,-89.833476,5.67,47.6,10,1,0,973 Washington dc,home
4158,12064,2.5,4,1926,27.8341733,-82.3413974,3,62.4,6.888194444,1,79,974 Washington dc,home
4169,12065,3,4,2800,34.9567,-89.758123,9.33,35.2,3,1,28,975 Washington dc,home
4170,12066,2,3,1673,32.645744,-97.275078,0.23,46.4,5.119518717,1,70,976 Washington dc,home
4174,12067,2.5,3,1802,35.378819,-80.783084,7,56.1,9,1,28,977 Washington dc,home
4175,12068,2,3,1529,34.94548,-89.800888,7.67,35.2,7.796303901,1,80,978 Washington dc,home
4208,12069,2.5,4,2001,39.901882,-104.863289,0.27,51.29616188,6,1,93,979 Washington dc,home
4215,12070,2,3,1476,33.392178,-84.68499,0,36.6,8.001978519,1,18,980 Washington dc,home
4221,12071,2,3,2149,30.712246,-97.668213,0,51.29616188,4.57027027,1,52,981 Washington dc,home
4224,12072,2.5,3,2125,39.819673,-86.373353,8,25.1,3,1,25,982 Washington dc,home
4226,12073,2.5,3,2319,28.201209,-82.672641,0,28.1,6,1,73,983 Washington dc,home
4237,12074,3,4,2773,39.388027,-104.900925,0.63,51.29616188,6,1,98,984 Washington dc,home
4245,12075,3,3,1580,33.384453,-111.613708,0.7,36.5,8.741471572,1,93,985 Washington dc,home
4248,12076,2.5,3,1600,33.100303,-80.03151,0,51.29616188,6,1,1,986 Washington dc,home
4251,12077,2.5,4,2545,30.166306,-95.425377,0.67,24.8,7.339240506,1,32,987 Washington dc,home
4253,12078,2.5,3,2095,39.635609,-86.3159979,3.33,33.8,5,1,55,988 Washington dc,home
4256,12079,2,3,1228,30.066198,-95.389694,0,43.8,6,1,76,989 Washington dc,home
4257,12080,2,3,1618,33.820637,-84.04882,0,48.6,5.921731343,1,70,990 Washington dc,home
4259,12081,2,3,1508,25.965235,-80.19841,0,58.7,9,1,28,991 Washington dc,home
4267,12082,2.5,4,1700,29.630081,-95.454346,0,51,10,1,24,992 Washington dc,home
4268,12083,2,4,1757,35.707411,-86.919648,55.33,26,7,1,43,993 Washington dc,home
4271,12084,2,3,1512,33.731059,-84.1287745,2.33,88.6,4,1,66,994 Washington dc,home
4276,12085,2,3,1379,35.345585,-80.559776,0.67,45.9,5.237037037,1,15,995 Washington dc,home
4277,12086,2,3,2125,32.621142,-97.363893,4,36.2,4,1,88,996 Washington dc,home
4291,12087,2.5,3,2008,30.119336,-95.386534,8.33,30.9,3,1,27,997 Washington dc,home
4297,12088,2.5,3,1473,36.2298038,-115.32906,6.33,45.2,9,1,21,998 Washington dc,home
4299,12089,2,3,1450,27.8489368,-82.2270991,9.33,34.1,2,1,35,999 Washington dc,home
4301,12090,1.5,3,1240,33.739437,-84.237976,0,84.3,9,1,25,1000 Washington dc,home
4303,12091,2,3,2276,34.197987,-83.877907,0,26.6,1,1,24,1001 Washington dc,home
4312,12092,2.5,4,2140,33.725094,-84.160606,0,88.6,2,1,45,1002 Washington dc,home
4317,12093,2.5,4,1925,33.56257,-84.47558,1.17,77.9,7,1,18,1003 Washington dc,home
4328,12094,2,3,1894,28.3287683,-81.435152,3.33,91.2,5,1,54,1004 Washington dc,home
4334,12095,2,4,1668,28.811869,-81.704086,0.4,40.6,7.880360065,1,51,1005 Washington dc,home
4336,12096,2.5,4,2052,33.9831111,-84.7828083,8,39.4,2,1,93,1006 Washington dc,home
4337,12097,2.5,4,3100,33.5727206,-84.5181131,0,95.8,1,1,94,1007 Washington dc,home
4338,12098,2,2,1284,28.457846,-82.618744,0,38.3,1,1,87,1008 Washington dc,home
4345,12099,2,3,1611,28.504755,-81.234314,0.55,57.9,6.813461539,1,75,1009 Washington dc,home
4348,12100,2,3,1273,33.576683,-112.201782,0,64.9,7.797902571,1,92,1010 Washington dc,home
4354,12101,2,3,1532,28.308849,-82.505836,0,40.2,6.648641304,1,66,1011 Washington dc,home
4355,12102,2,3,1703,27.549272,-82.462078,2.33,19.5,8,1,28,1012 Washington dc,home
4375,12103,2.5,3,1503,39.940117,-104.907921,0,51.29616188,4.790857143,1,15,1013 Washington dc,home
4377,12104,2,3,1500,33.584156,-83.832504,0,57.6,3.269082126,1,41,1014 Washington dc,home
4378,12105,2.5,4,2571,32.949287,-96.387268,0,26,5.369405815,1,47,1015 Washington dc,home
4385,12106,2,3,1798,28.19207,-81.49934,2.67,57.7,4,1,29,1016 Washington dc,home
4386,12107,2.5,3,1600,33.10116,-80.030955,0,51.29616188,6,1,50,1017 Washington dc,home
4387,12108,3.5,4,3023,35.55026,-78.82756,0,51.29616188,8.07295082,1,50,1018 Washington dc,home
4402,12109,2.5,3,1732,35.604208,-78.754816,5.33,31.8,8,1,71,1019 Washington dc,home
4405,12110,3,4,1850,40.36261,-111.75591,0,51.29616188,6,1,4,1020 Washington dc,home
4411,12111,2,3,1250,33.658321,-112.220749,0.87,42.2,3.282602546,1,3,1021 Washington dc,home
4414,12112,2.5,4,1572,36.3048328,-115.2892916,7.67,42,10,1,64,1022 Washington dc,home
4428,12113,3,5,3288,33.639591,-84.603722,0,92.8,5.927312775,1,78,1023 Washington dc,home
4430,12114,2,3,1572,33.4693428,-112.3532658,75,25.8,5,1,95,1024 Washington dc,home
4432,12115,2,4,1812,30.107861,-95.574265,0.7,41.3,4.842045455,1,13,1025 Washington dc,home
4435,12116,2,3,1808,28.2016555,-81.4725679,3,57.7,3,1,3,1026 Washington dc,home
4442,12117,2.5,4,1588,35.1110981,-80.7110247,0,35.6,3,1,17,1027 Washington dc,home
4445,12118,2,3,1527,33.577827,-84.420586,0,77.9,1,1,25,1028 Washington dc,home
4450,12119,2.5,3,1707,30.185725,-81.835883,0,47.7,6,1,81,1029 Washington dc,home
4457,12120,2,4,1467,27.9454684,-82.2312715,7,33.9,8,1,48,1030 Washington dc,home
4461,12121,2,3,1431,35.137974,-89.776764,0,47.6,6.864937759,1,32,1031 Washington dc,home
4463,12122,2,3,1563,33.2108,-84.279999,0,51.29616188,6.105617977,1,77,1032 Washington dc,home
4470,12123,2,3,2238,28.03467,-81.515732,0,47.3,2,1,31,1033 Washington dc,home
4471,12124,3,4,2140,33.954243,-83.948647,0,37,8.72928208,1,98,1034 Washington dc,home
4473,12125,3,5,2375,33.5757728,-112.3109639,0,62.3,9,1,77,1035 Washington dc,home
4475,12126,1.5,4,1495,30.349701,-81.571022,0,86.7,1.470328283,1,93,1036 Washington dc,home
4483,12127,2,3,1263,36.32126,-86.63541,6.33,51.29616188,10,1,49,1037 Washington dc,home
4486,12128,2,4,1868,27.426515,-82.397888,9,29.2,1,1,6,1038 Washington dc,home
4488,12129,2,3,1576,34.150227,-84.594147,0,32.8,2,1,97,1039 Washington dc,home
4490,12130,2,3,1196,36.260605,-86.530716,0,22.8,6,1,25,1040 Washington dc,home
4493,12131,3,4,2658,33.533035,-84.563393,0.13,73.6,9.581992541,1,39,1041 Washington dc,home
4495,12132,2,3,1274,27.704725,-82.403433,3.67,50.1,8,1,66,1042 Washington dc,home
4496,12133,2.5,5,2731,28.2501359,-81.4680421,4,57.7,3,1,42,1043 Washington dc,home
4497,12134,3.5,3,1584,35.24897609,-80.86191613,0,72.9,6,1,16,1044 Washington dc,home
4498,12135,2,3,1220,28.023891,-81.915581,0,70.7,3,1,69,1045 Washington dc,home
4502,12136,2,3,1474,28.1710425,-81.491839,3.33,57.7,1,1,5,1046 Washington dc,home
4517,12137,2.5,3,1460,35.285351,-81.123604,0,67.1,8.151473137,1,63,1047 Washington dc,home
4524,12138,2.5,4,2000,35.828643,-78.341659,4.67,42.2,5,1,69,1048 Washington dc,home
4526,12139,2,4,1900,35.2248882,-89.5054196,3,21.9,4,1,60,1049 Washington dc,home
4538,12140,3,4,2112,30.105095,-81.588533,10,24.2,2,1,84,1050 Washington dc,home
4540,12141,2,4,1376,33.805569,-84.843208,0,61,2,1,91,1051 Washington dc,home
4548,12142,2.5,4,1582,34.1746442,-84.4779865,7.33,23.8,8,1,54,1052 Washington dc,home
4549,12143,2,3,1911,32.677448,-97.188622,0.47,51.29616188,6,1,7,1053 Washington dc,home
4550,12144,2.5,4,2406,29.77362583,-95.89405041,0,51.29616188,6,1,11,1054 Washington dc,home
4551,12145,2,4,2102,28.5527988,-81.1565633,6,53.3,8,1,26,1055 Washington dc,home
4554,12146,2.5,3,2792,29.679031,-95.818703,0,23.3,5.277302632,1,5,1056 Washington dc,home
4561,12147,2.5,3,2468,33.3201479,-111.6176739,0,38.8,6,1,65,1057 Washington dc,home
4565,12148,2,3,1619,33.379768,-96.552826,0.57,28.2,5.378571429,1,60,1058 Washington dc,home
4566,12149,2.5,4,2315,32.622414,-97.397141,0.33,36.2,6.900478469,1,92,1059 Washington dc,home